Python,OOP,Data Structures,DSA,Java,AI/ML,OS,Average_Score,Skill_Level
62.0,62.0,76.0,66.0,74.0,70.0,76.0,69.42857142857143,advanced
15.0,66.0,28.0,17.0,4.0,33.0,34.0,28.142857142857142,beginner
78.0,84.0,69.0,90.0,81.0,55.0,56.0,73.28571428571429,intermediate
78.0,85.0,100.0,92.0,83.0,80.0,88.0,86.57142857142857,advanced
20.0,31.0,23.0,14.0,41.0,46.0,19.0,27.714285714285715,beginner
21.0,8.0,0.0,23.0,21.0,42.0,7.0,17.428571428571427,beginner
80.0,85.0,96.0,93.0,76.0,80.0,52.0,80.28571428571429,advanced
66.0,21.0,21.0,0.0,16.0,2.0,19.0,20.714285714285715,beginner
33.0,62.0,11.0,16.0,24.0,9.0,31.0,26.571428571428573,beginner
56.0,80.0,65.0,99.0,77.0,35.0,83.0,70.71428571428571,intermediate
9.0,39.0,46.0,32.0,35.0,6.0,33.0,28.571428571428573,beginner
37.0,41.0,11.0,8.0,20.0,20.0,66.0,29.0,beginner
80.0,99.0,89.0,97.0,96.0,82.0,85.0,89.71428571428571,advanced
100.0,77.0,85.0,76.0,90.0,83.0,81.0,84.57142857142857,advanced
97.0,64.0,76.0,50.0,74.0,30.0,62.0,64.71428571428571,intermediate
39.0,39.0,21.0,12.0,19.0,35.0,51.0,30.857142857142858,beginner
34.0,20.0,28.0,20.0,19.0,22.0,49.0,27.428571428571427,beginner
93.0,49.0,76.0,34.0,48.0,28.0,57.0,55.0,intermediate
72.0,27.0,75.0,65.0,89.0,69.0,86.0,69.0,intermediate
40.0,20.0,36.0,57.0,44.0,29.0,47.0,39.0,beginner
91.0,100.0,90.0,86.0,92.0,79.0,98.0,90.85714285714286,advanced
29.0,97.0,40.0,59.0,42.0,49.0,28.0,49.142857142857146,intermediate
65.0,67.0,69.0,95.0,22.0,76.0,70.0,66.28571428571429,intermediate
96.0,37.0,47.0,36.0,54.0,54.0,33.0,51.0,intermediate
85.0,85.0,86.0,81.0,83.0,93.0,97.0,87.14285714285714,advanced
90.0,80.0,73.0,80.0,92.0,87.0,93.0,85.0,advanced
95.0,83.0,77.0,79.0,83.0,85.0,82.0,83.42857142857143,advanced
73.0,68.0,46.0,79.0,94.0,78.0,28.0,66.57142857142857,intermediate
34.0,19.0,51.0,23.0,29.0,23.0,37.0,30.857142857142858,beginner
60.0,44.0,55.0,93.0,66.0,43.0,27.0,55.42857142857143,intermediate
51.0,85.0,52.0,66.0,25.0,79.0,69.0,61.0,intermediate
14.0,0.0,0.0,20.0,0.0,45.0,17.0,13.714285714285714,beginner
69.0,76.0,71.0,81.0,76.0,85.0,79.0,76.71428571428571,advanced
25.0,21.0,47.0,40.0,46.0,50.0,30.0,37.0,beginner
0.0,0.0,0.0,13.0,43.0,4.0,3.0,9.0,beginner
82.0,74.0,93.0,94.0,79.0,83.0,56.0,80.14285714285714,advanced
60.0,90.0,79.0,82.0,83.0,96.0,89.0,82.71428571428571,advanced
81.0,79.0,76.0,86.0,62.0,85.0,71.0,77.14285714285714,advanced
75.0,86.0,85.0,50.0,73.0,88.0,80.0,76.71428571428571,advanced
41.0,20.0,39.0,39.0,28.0,49.0,19.0,33.57142857142857,beginner
71.0,84.0,59.0,76.0,75.0,85.0,86.0,76.57142857142857,advanced
53.0,49.0,30.0,70.0,55.0,84.0,57.0,56.857142857142854,intermediate
81.0,81.0,42.0,78.0,84.0,43.0,53.0,66.0,intermediate
62.0,76.0,75.0,80.0,84.0,82.0,86.0,77.85714285714286,advanced
31.0,21.0,5.0,25.0,31.0,60.0,6.0,25.571428571428573,beginner
31.0,98.0,63.0,49.0,41.0,70.0,61.0,59.0,intermediate
26.0,45.0,42.0,23.0,46.0,25.0,34.0,34.42857142857143,beginner
89.0,78.0,95.0,77.0,89.0,55.0,93.0,82.28571428571429,advanced
29.0,33.0,62.0,9.0,12.0,12.0,4.0,23.0,beginner
21.0,19.0,52.0,48.0,42.0,29.0,19.0,32.857142857142854,beginner
36.0,17.0,25.0,25.0,33.0,25.0,63.0,32.0,beginner
66.0,11.0,0.0,2.0,6.0,28.0,6.0,17.0,beginner
19.0,26.0,54.0,35.0,19.0,28.0,54.0,33.57142857142857,beginner
89.0,53.0,98.0,68.0,67.0,89.0,20.0,69.14285714285714,intermediate
87.0,57.0,79.0,99.0,92.0,86.0,82.0,83.14285714285714,intermediate
21.0,52.0,53.0,38.0,36.0,49.0,51.0,42.857142857142854,beginner
55.0,87.0,24.0,41.0,63.0,49.0,63.0,54.57142857142857,intermediate
36.0,39.0,50.0,29.0,28.0,23.0,68.0,39.0,beginner
9.0,43.0,21.0,23.0,16.0,24.0,23.0,22.714285714285715,beginner
12.0,0.0,6.0,3.0,63.0,0.0,0.0,12.0,beginner
66.0,77.0,63.0,63.0,83.0,81.0,70.0,71.85714285714286,advanced
81.0,84.0,78.0,75.0,66.0,70.0,84.0,76.85714285714286,advanced
21.0,42.0,39.0,60.0,7.0,35.0,5.0,29.857142857142858,beginner
54.0,89.0,59.0,62.0,26.0,53.0,42.0,55.0,intermediate
54.0,0.0,3.0,15.0,27.0,1.0,26.0,18.0,beginner
77.0,48.0,77.0,90.0,78.0,36.0,49.0,65.0,intermediate
18.0,13.0,64.0,33.0,19.0,6.0,33.0,26.571428571428573,beginner
84.0,55.0,28.0,85.0,88.0,59.0,71.0,67.14285714285714,intermediate
68.0,90.0,52.0,56.0,71.0,29.0,69.0,62.142857142857146,intermediate
68.0,27.0,49.0,70.0,75.0,56.0,86.0,61.57142857142857,intermediate
88.0,81.0,96.0,67.0,81.0,35.0,76.0,74.85714285714286,intermediate
1.0,14.0,13.0,4.0,21.0,58.0,26.0,19.571428571428573,beginner
68.0,94.0,65.0,78.0,72.0,66.0,22.0,66.42857142857143,intermediate
42.0,19.0,56.0,54.0,33.0,37.0,34.0,39.285714285714285,beginner
25.0,10.0,0.0,44.0,3.0,6.0,2.0,12.857142857142858,beginner
78.0,80.0,74.0,82.0,75.0,78.0,72.0,77.0,advanced
55.0,34.0,60.0,22.0,48.0,44.0,81.0,49.142857142857146,intermediate
58.0,36.0,28.0,94.0,29.0,32.0,55.0,47.42857142857143,intermediate
24.0,49.0,95.0,40.0,33.0,32.0,42.0,45.0,intermediate
72.0,59.0,70.0,80.0,66.0,85.0,80.0,73.14285714285714,advanced
36.0,97.0,88.0,48.0,60.0,56.0,57.0,63.142857142857146,intermediate
49.0,54.0,68.0,83.0,48.0,75.0,65.0,63.142857142857146,intermediate
20.0,0.0,20.0,9.0,30.0,0.0,69.0,21.142857142857142,beginner
33.0,24.0,21.0,3.0,52.0,1.0,23.0,22.428571428571427,beginner
86.0,91.0,75.0,79.0,75.0,80.0,69.0,79.28571428571429,advanced
57.0,53.0,38.0,51.0,31.0,35.0,22.0,41.0,beginner
12.0,33.0,47.0,11.0,29.0,30.0,9.0,24.428571428571427,beginner
69.0,90.0,72.0,80.0,85.0,87.0,82.0,80.71428571428571,advanced
50.0,78.0,78.0,66.0,84.0,72.0,64.0,70.28571428571429,advanced
35.0,35.0,83.0,23.0,49.0,69.0,66.0,51.42857142857143,intermediate
67.0,86.0,39.0,47.0,72.0,33.0,34.0,54.0,intermediate
35.0,73.0,86.0,54.0,81.0,53.0,69.0,64.42857142857143,intermediate
23.0,71.0,89.0,86.0,88.0,53.0,55.0,66.42857142857143,intermediate
89.0,71.0,47.0,43.0,24.0,43.0,80.0,56.714285714285715,intermediate
15.0,40.0,7.0,22.0,6.0,69.0,42.0,28.714285714285715,beginner
80.0,92.0,97.0,89.0,85.0,88.0,93.0,89.14285714285714,advanced
98.0,87.0,98.0,75.0,59.0,88.0,82.0,83.85714285714286,advanced
50.0,43.0,30.0,26.0,38.0,46.0,33.0,38.0,beginner
71.0,73.0,75.0,88.0,70.0,71.0,76.0,74.85714285714286,advanced
15.0,29.0,63.0,25.0,24.0,30.0,17.0,29.0,beginner
21.0,37.0,41.0,41.0,33.0,62.0,19.0,36.285714285714285,beginner
43.0,34.0,20.0,0.0,3.0,7.0,21.0,18.285714285714285,beginner
54.0,73.0,80.0,71.0,54.0,50.0,25.0,58.142857142857146,intermediate
33.0,4.0,11.0,13.0,25.0,54.0,18.0,22.571428571428573,beginner
28.0,33.0,44.0,30.0,46.0,35.0,17.0,33.285714285714285,beginner
23.0,40.0,30.0,10.0,31.0,41.0,9.0,26.285714285714285,beginner
22.0,37.0,30.0,42.0,27.0,32.0,56.0,35.142857142857146,beginner
62.0,55.0,54.0,38.0,30.0,80.0,68.0,55.285714285714285,intermediate
28.0,66.0,13.0,42.0,49.0,19.0,50.0,38.142857142857146,beginner
74.0,68.0,61.0,35.0,86.0,38.0,43.0,57.857142857142854,intermediate
59.0,69.0,90.0,89.0,73.0,74.0,84.0,76.85714285714286,advanced
84.0,74.0,68.0,38.0,55.0,70.0,87.0,68.0,intermediate
94.0,79.0,75.0,79.0,82.0,75.0,76.0,80.0,advanced
41.0,65.0,48.0,61.0,90.0,33.0,34.0,53.142857142857146,intermediate
68.0,37.0,49.0,81.0,55.0,35.0,51.0,53.714285714285715,intermediate
60.0,47.0,67.0,89.0,54.0,30.0,75.0,60.285714285714285,intermediate
32.0,46.0,57.0,46.0,28.0,84.0,52.0,49.285714285714285,intermediate
33.0,31.0,11.0,21.0,60.0,39.0,30.0,32.142857142857146,beginner
85.0,22.0,59.0,34.0,34.0,38.0,24.0,42.285714285714285,intermediate
89.0,57.0,94.0,80.0,79.0,72.0,83.0,79.14285714285714,advanced
62.0,47.0,36.0,80.0,54.0,40.0,24.0,49.0,intermediate
35.0,91.0,33.0,33.0,53.0,50.0,67.0,51.714285714285715,intermediate
80.0,85.0,86.0,81.0,91.0,91.0,78.0,84.57142857142857,advanced
31.0,92.0,33.0,39.0,47.0,41.0,36.0,45.57142857142857,intermediate
94.0,76.0,80.0,94.0,87.0,85.0,83.0,85.57142857142857,advanced
75.0,87.0,73.0,76.0,75.0,68.0,66.0,74.28571428571429,advanced
87.0,81.0,78.0,23.0,41.0,50.0,79.0,62.714285714285715,intermediate
11.0,22.0,28.0,0.0,0.0,0.0,63.0,17.714285714285715,beginner
51.0,42.0,93.0,20.0,67.0,32.0,65.0,52.857142857142854,intermediate
0.0,13.0,24.0,14.0,52.0,0.0,21.0,17.714285714285715,beginner
92.0,31.0,58.0,48.0,50.0,52.0,56.0,55.285714285714285,intermediate
77.0,94.0,91.0,59.0,88.0,95.0,91.0,85.0,advanced
36.0,36.0,16.0,51.0,47.0,31.0,20.0,33.857142857142854,beginner
84.0,77.0,79.0,75.0,84.0,72.0,79.0,78.57142857142857,advanced
41.0,81.0,24.0,62.0,33.0,46.0,54.0,48.714285714285715,intermediate
100.0,63.0,78.0,93.0,82.0,86.0,87.0,84.14285714285714,advanced
10.0,13.0,59.0,0.0,28.0,16.0,24.0,21.428571428571427,beginner
78.0,48.0,89.0,89.0,88.0,38.0,65.0,70.71428571428571,intermediate
4.0,13.0,51.0,27.0,32.0,15.0,17.0,22.714285714285715,beginner
3.0,2.0,21.0,23.0,28.0,22.0,64.0,23.285714285714285,beginner
77.0,95.0,86.0,53.0,72.0,60.0,73.0,73.71428571428571,intermediate
52.0,67.0,73.0,69.0,98.0,48.0,36.0,63.285714285714285,intermediate
26.0,39.0,15.0,39.0,22.0,36.0,67.0,34.857142857142854,beginner
66.0,33.0,20.0,38.0,35.0,42.0,22.0,36.57142857142857,beginner
78.0,75.0,80.0,65.0,66.0,52.0,61.0,68.14285714285714,advanced
44.0,50.0,39.0,39.0,26.0,48.0,39.0,40.714285714285715,beginner
79.0,63.0,61.0,81.0,64.0,57.0,71.0,68.0,advanced
72.0,96.0,36.0,32.0,51.0,48.0,44.0,54.142857142857146,intermediate
29.0,25.0,40.0,30.0,61.0,18.0,42.0,35.0,beginner
19.0,20.0,18.0,20.0,12.0,48.0,60.0,28.142857142857142,beginner
44.0,48.0,37.0,46.0,66.0,70.0,91.0,57.42857142857143,intermediate
22.0,11.0,8.0,17.0,69.0,5.0,32.0,23.428571428571427,beginner
74.0,80.0,89.0,90.0,90.0,96.0,86.0,86.42857142857143,advanced
26.0,2.0,21.0,29.0,18.0,33.0,58.0,26.714285714285715,beginner
0.0,0.0,0.0,28.0,61.0,0.0,20.0,15.571428571428571,beginner
65.0,66.0,80.0,80.0,51.0,70.0,75.0,69.57142857142857,advanced
27.0,23.0,68.0,9.0,33.0,0.0,0.0,22.857142857142858,beginner
38.0,71.0,83.0,53.0,53.0,48.0,95.0,63.0,intermediate
96.0,85.0,96.0,78.0,91.0,81.0,75.0,86.0,advanced
96.0,24.0,51.0,26.0,55.0,59.0,32.0,49.0,intermediate
11.0,42.0,29.0,44.0,10.0,39.0,29.0,29.142857142857142,beginner
67.0,73.0,78.0,77.0,76.0,65.0,87.0,74.71428571428571,advanced
52.0,39.0,35.0,48.0,51.0,54.0,37.0,45.142857142857146,beginner
49.0,46.0,66.0,56.0,39.0,40.0,34.0,47.142857142857146,beginner
28.0,77.0,84.0,50.0,44.0,75.0,77.0,62.142857142857146,intermediate
73.0,89.0,40.0,48.0,38.0,34.0,53.0,53.57142857142857,intermediate
74.0,77.0,81.0,88.0,95.0,81.0,65.0,80.14285714285714,advanced
19.0,26.0,43.0,32.0,13.0,19.0,24.0,25.142857142857142,beginner
65.0,83.0,75.0,55.0,74.0,89.0,50.0,70.14285714285714,intermediate
21.0,13.0,44.0,24.0,11.0,23.0,24.0,22.857142857142858,beginner
79.0,90.0,84.0,90.0,90.0,83.0,86.0,86.0,advanced
31.0,36.0,17.0,16.0,23.0,22.0,45.0,27.142857142857142,beginner
75.0,71.0,70.0,75.0,67.0,84.0,71.0,73.28571428571429,advanced
82.0,74.0,69.0,63.0,68.0,79.0,83.0,74.0,advanced
48.0,50.0,30.0,31.0,48.0,41.0,19.0,38.142857142857146,beginner
87.0,71.0,78.0,84.0,85.0,74.0,92.0,81.57142857142857,advanced
52.0,71.0,76.0,87.0,73.0,65.0,22.0,63.714285714285715,intermediate
88.0,87.0,70.0,88.0,70.0,61.0,84.0,78.28571428571429,advanced
65.0,72.0,76.0,83.0,72.0,84.0,72.0,74.85714285714286,advanced
66.0,73.0,90.0,75.0,28.0,79.0,62.0,67.57142857142857,intermediate
36.0,3.0,55.0,9.0,40.0,29.0,14.0,26.571428571428573,beginner
62.0,25.0,94.0,51.0,26.0,29.0,51.0,48.285714285714285,intermediate
38.0,24.0,33.0,27.0,47.0,31.0,50.0,35.714285714285715,beginner
46.0,33.0,91.0,49.0,80.0,65.0,44.0,58.285714285714285,intermediate
34.0,60.0,81.0,39.0,37.0,44.0,62.0,51.0,intermediate
54.0,12.0,2.0,4.0,15.0,1.0,14.0,14.571428571428571,beginner
60.0,76.0,94.0,79.0,71.0,93.0,79.0,78.85714285714286,advanced
73.0,49.0,23.0,56.0,85.0,62.0,68.0,59.42857142857143,intermediate
53.0,63.0,88.0,89.0,61.0,39.0,96.0,69.85714285714286,intermediate
51.0,22.0,50.0,51.0,95.0,38.0,61.0,52.57142857142857,intermediate
100.0,78.0,93.0,88.0,80.0,56.0,93.0,84.0,advanced
28.0,56.0,32.0,12.0,24.0,36.0,8.0,28.0,beginner
80.0,71.0,82.0,79.0,75.0,66.0,85.0,76.85714285714286,advanced
36.0,60.0,31.0,54.0,32.0,41.0,42.0,42.285714285714285,beginner
34.0,36.0,21.0,82.0,43.0,31.0,52.0,42.714285714285715,intermediate
34.0,47.0,46.0,70.0,75.0,73.0,85.0,61.42857142857143,intermediate
56.0,81.0,89.0,51.0,22.0,55.0,84.0,62.57142857142857,intermediate
73.0,66.0,84.0,78.0,70.0,63.0,75.0,72.71428571428571,advanced
48.0,38.0,72.0,33.0,48.0,64.0,84.0,55.285714285714285,intermediate
78.0,85.0,87.0,75.0,71.0,77.0,80.0,79.0,advanced
45.0,63.0,25.0,42.0,32.0,42.0,35.0,40.57142857142857,beginner
63.0,77.0,85.0,81.0,80.0,67.0,69.0,74.57142857142857,advanced
35.0,18.0,49.0,18.0,35.0,41.0,49.0,35.0,beginner
83.0,66.0,54.0,22.0,71.0,65.0,86.0,63.857142857142854,intermediate
34.0,76.0,71.0,45.0,67.0,44.0,90.0,61.0,intermediate
63.0,69.0,76.0,84.0,82.0,76.0,78.0,75.42857142857143,advanced
67.0,61.0,85.0,85.0,84.0,85.0,75.0,77.42857142857143,advanced
83.0,79.0,80.0,92.0,90.0,67.0,94.0,83.57142857142857,advanced
44.0,67.0,54.0,26.0,98.0,64.0,67.0,60.0,intermediate
86.0,87.0,87.0,63.0,72.0,52.0,21.0,66.85714285714286,intermediate
73.0,35.0,40.0,43.0,70.0,62.0,97.0,60.0,intermediate
43.0,30.0,51.0,30.0,41.0,34.0,80.0,44.142857142857146,intermediate
24.0,40.0,33.0,39.0,31.0,43.0,28.0,34.0,beginner
45.0,9.0,0.0,0.0,19.0,32.0,30.0,19.285714285714285,beginner
0.0,25.0,1.0,59.0,0.0,35.0,30.0,21.428571428571427,beginner
16.0,12.0,61.0,23.0,30.0,26.0,5.0,24.714285714285715,beginner
12.0,25.0,20.0,47.0,25.0,22.0,47.0,28.285714285714285,beginner
67.0,68.0,75.0,55.0,76.0,85.0,91.0,73.85714285714286,advanced
6.0,11.0,21.0,64.0,3.0,30.0,24.0,22.714285714285715,beginner
34.0,34.0,27.0,99.0,43.0,53.0,51.0,48.714285714285715,intermediate
28.0,35.0,31.0,85.0,37.0,35.0,62.0,44.714285714285715,intermediate
54.0,0.0,9.0,20.0,6.0,7.0,31.0,18.142857142857142,beginner
52.0,62.0,81.0,82.0,21.0,57.0,82.0,62.42857142857143,intermediate
32.0,33.0,12.0,0.0,16.0,5.0,69.0,23.857142857142858,beginner
56.0,49.0,50.0,52.0,22.0,23.0,31.0,40.42857142857143,beginner
61.0,43.0,61.0,65.0,91.0,65.0,56.0,63.142857142857146,intermediate
14.0,69.0,28.0,16.0,21.0,30.0,33.0,30.142857142857142,beginner
19.0,31.0,50.0,35.0,16.0,67.0,37.0,36.42857142857143,beginner
60.0,58.0,70.0,98.0,62.0,72.0,91.0,73.0,intermediate
22.0,17.0,13.0,15.0,55.0,26.0,30.0,25.428571428571427,beginner
75.0,56.0,47.0,86.0,27.0,97.0,84.0,67.42857142857143,intermediate
53.0,80.0,64.0,58.0,57.0,67.0,65.0,63.42857142857143,intermediate
34.0,42.0,21.0,3.0,0.0,34.0,5.0,19.857142857142858,beginner
47.0,70.0,60.0,80.0,40.0,57.0,53.0,58.142857142857146,intermediate
74.0,87.0,73.0,75.0,85.0,73.0,91.0,79.71428571428571,advanced
31.0,66.0,9.0,22.0,33.0,10.0,12.0,26.142857142857142,beginner
53.0,47.0,18.0,32.0,17.0,35.0,44.0,35.142857142857146,beginner
53.0,26.0,14.0,0.0,30.0,33.0,25.0,25.857142857142858,beginner
76.0,41.0,86.0,74.0,20.0,74.0,65.0,62.285714285714285,intermediate
32.0,34.0,40.0,94.0,29.0,25.0,24.0,39.714285714285715,intermediate
23.0,5.0,11.0,18.0,22.0,41.0,45.0,23.571428571428573,beginner
94.0,56.0,89.0,89.0,82.0,86.0,91.0,83.85714285714286,advanced
42.0,84.0,62.0,65.0,36.0,48.0,38.0,53.57142857142857,intermediate
81.0,79.0,82.0,75.0,86.0,51.0,78.0,76.0,advanced
90.0,82.0,84.0,77.0,60.0,77.0,81.0,78.71428571428571,advanced
25.0,45.0,37.0,29.0,35.0,51.0,52.0,39.142857142857146,beginner
40.0,74.0,37.0,91.0,55.0,80.0,45.0,60.285714285714285,intermediate
49.0,89.0,61.0,56.0,31.0,68.0,81.0,62.142857142857146,intermediate
25.0,17.0,41.0,37.0,7.0,33.0,43.0,29.0,beginner
28.0,29.0,7.0,19.0,0.0,61.0,4.0,21.142857142857142,beginner
93.0,88.0,97.0,85.0,86.0,95.0,93.0,91.0,advanced
19.0,16.0,9.0,0.0,34.0,58.0,36.0,24.571428571428573,beginner
15.0,26.0,36.0,38.0,65.0,30.0,22.0,33.142857142857146,beginner
100.0,98.0,77.0,93.0,90.0,89.0,83.0,90.0,advanced
57.0,68.0,46.0,68.0,55.0,28.0,94.0,59.42857142857143,intermediate
67.0,58.0,67.0,88.0,75.0,66.0,64.0,69.28571428571429,advanced
28.0,29.0,35.0,0.0,34.0,62.0,4.0,27.428571428571427,beginner
87.0,95.0,73.0,95.0,71.0,68.0,77.0,80.85714285714286,advanced
75.0,71.0,61.0,90.0,84.0,91.0,77.0,78.42857142857143,advanced
37.0,26.0,18.0,60.0,28.0,25.0,21.0,30.714285714285715,beginner
83.0,93.0,82.0,62.0,97.0,79.0,95.0,84.42857142857143,advanced
63.0,79.0,78.0,69.0,68.0,86.0,63.0,72.28571428571429,advanced
68.0,60.0,60.0,76.0,77.0,64.0,66.0,67.28571428571429,advanced
26.0,14.0,19.0,8.0,25.0,6.0,54.0,21.714285714285715,beginner
74.0,53.0,46.0,22.0,68.0,36.0,97.0,56.57142857142857,intermediate
15.0,46.0,16.0,65.0,18.0,17.0,39.0,30.857142857142858,beginner
57.0,30.0,65.0,61.0,99.0,80.0,59.0,64.42857142857143,intermediate
45.0,42.0,42.0,18.0,31.0,15.0,36.0,32.714285714285715,beginner
36.0,33.0,22.0,38.0,32.0,18.0,63.0,34.57142857142857,beginner
20.0,15.0,36.0,48.0,3.0,6.0,25.0,21.857142857142858,beginner
19.0,35.0,45.0,25.0,41.0,36.0,41.0,34.57142857142857,beginner
50.0,23.0,14.0,22.0,14.0,18.0,15.0,22.285714285714285,beginner
8.0,0.0,28.0,8.0,62.0,0.0,4.0,15.714285714285714,beginner
41.0,9.0,4.0,22.0,38.0,41.0,42.0,28.142857142857142,beginner
40.0,16.0,14.0,17.0,2.0,26.0,49.0,23.428571428571427,beginner
87.0,23.0,55.0,64.0,34.0,38.0,38.0,48.42857142857143,intermediate
35.0,48.0,39.0,48.0,32.0,39.0,25.0,38.0,beginner
66.0,78.0,74.0,71.0,72.0,67.0,64.0,70.28571428571429,advanced
30.0,46.0,79.0,54.0,46.0,84.0,43.0,54.57142857142857,intermediate
72.0,71.0,78.0,77.0,71.0,76.0,58.0,71.85714285714286,advanced
88.0,77.0,98.0,97.0,84.0,89.0,78.0,87.28571428571429,advanced
66.0,67.0,74.0,71.0,83.0,86.0,64.0,73.0,advanced
15.0,28.0,0.0,6.0,23.0,62.0,0.0,19.142857142857142,beginner
80.0,35.0,83.0,64.0,61.0,75.0,48.0,63.714285714285715,intermediate
38.0,18.0,18.0,2.0,45.0,3.0,31.0,22.142857142857142,beginner
84.0,84.0,64.0,54.0,87.0,69.0,94.0,76.57142857142857,intermediate
55.0,47.0,90.0,55.0,25.0,62.0,55.0,55.57142857142857,intermediate
67.0,88.0,85.0,70.0,88.0,76.0,70.0,77.71428571428571,advanced
38.0,93.0,68.0,57.0,54.0,86.0,54.0,64.28571428571429,intermediate
69.0,12.0,8.0,0.0,8.0,7.0,25.0,18.428571428571427,beginner
4.0,29.0,29.0,14.0,18.0,64.0,24.0,26.0,beginner
17.0,43.0,15.0,35.0,25.0,43.0,59.0,33.857142857142854,beginner
76.0,86.0,95.0,97.0,52.0,76.0,77.0,79.85714285714286,advanced
26.0,46.0,7.0,44.0,7.0,24.0,28.0,26.0,beginner
56.0,25.0,0.0,0.0,17.0,5.0,15.0,16.857142857142858,beginner
0.0,26.0,0.0,0.0,0.0,0.0,46.0,10.285714285714286,beginner
80.0,33.0,38.0,60.0,41.0,52.0,34.0,48.285714285714285,intermediate
52.0,46.0,19.0,46.0,13.0,13.0,44.0,33.285714285714285,beginner
61.0,98.0,46.0,79.0,21.0,69.0,81.0,65.0,intermediate
0.0,55.0,5.0,35.0,0.0,25.0,11.0,18.714285714285715,beginner
78.0,91.0,83.0,77.0,74.0,84.0,67.0,79.14285714285714,advanced
35.0,47.0,39.0,36.0,86.0,65.0,67.0,53.57142857142857,intermediate
2.0,15.0,0.0,8.0,9.0,64.0,16.0,16.285714285714285,beginner
47.0,69.0,34.0,30.0,63.0,96.0,48.0,55.285714285714285,intermediate
89.0,99.0,100.0,94.0,95.0,100.0,80.0,93.85714285714286,advanced
31.0,20.0,52.0,34.0,8.0,46.0,8.0,28.428571428571427,beginner
27.0,27.0,3.0,30.0,22.0,19.0,58.0,26.571428571428573,beginner
79.0,90.0,83.0,78.0,37.0,41.0,52.0,65.71428571428571,intermediate
8.0,36.0,40.0,19.0,40.0,36.0,26.0,29.285714285714285,beginner
35.0,16.0,11.0,16.0,46.0,28.0,14.0,23.714285714285715,beginner
40.0,88.0,49.0,73.0,53.0,52.0,72.0,61.0,intermediate
18.0,43.0,46.0,39.0,41.0,33.0,14.0,33.42857142857143,beginner
87.0,54.0,87.0,95.0,80.0,91.0,98.0,84.57142857142857,advanced
52.0,31.0,38.0,38.0,55.0,25.0,52.0,41.57142857142857,beginner
83.0,84.0,66.0,68.0,62.0,85.0,81.0,75.57142857142857,advanced
62.0,49.0,39.0,15.0,42.0,15.0,42.0,37.714285714285715,beginner
49.0,45.0,53.0,45.0,39.0,54.0,57.0,48.857142857142854,beginner
91.0,35.0,76.0,47.0,75.0,22.0,43.0,55.57142857142857,intermediate
56.0,12.0,42.0,34.0,30.0,47.0,26.0,35.285714285714285,beginner
27.0,31.0,43.0,39.0,44.0,27.0,24.0,33.57142857142857,beginner
31.0,68.0,64.0,84.0,60.0,77.0,70.0,64.85714285714286,intermediate
4.0,40.0,10.0,24.0,9.0,2.0,25.0,16.285714285714285,beginner
82.0,44.0,47.0,50.0,69.0,30.0,83.0,57.857142857142854,intermediate
89.0,89.0,83.0,84.0,88.0,89.0,93.0,87.85714285714286,advanced
54.0,18.0,27.0,19.0,39.0,36.0,17.0,30.0,beginner
31.0,54.0,33.0,34.0,62.0,53.0,95.0,51.714285714285715,intermediate
72.0,50.0,47.0,81.0,38.0,44.0,85.0,59.57142857142857,intermediate
29.0,41.0,33.0,40.0,41.0,22.0,30.0,33.714285714285715,beginner
49.0,30.0,39.0,19.0,42.0,56.0,24.0,37.0,beginner
45.0,27.0,16.0,41.0,49.0,33.0,50.0,37.285714285714285,beginner
51.0,92.0,76.0,74.0,78.0,71.0,70.0,73.14285714285714,intermediate
19.0,0.0,29.0,56.0,0.0,0.0,3.0,15.285714285714286,beginner
57.0,56.0,90.0,34.0,30.0,55.0,47.0,52.714285714285715,intermediate
62.0,51.0,76.0,58.0,56.0,83.0,32.0,59.714285714285715,intermediate
50.0,21.0,35.0,68.0,58.0,48.0,47.0,46.714285714285715,beginner
17.0,0.0,1.0,32.0,34.0,14.0,52.0,21.428571428571427,beginner
53.0,26.0,44.0,38.0,42.0,54.0,36.0,41.857142857142854,beginner
59.0,98.0,66.0,20.0,71.0,61.0,54.0,61.285714285714285,intermediate
29.0,40.0,34.0,27.0,31.0,40.0,42.0,34.714285714285715,beginner
20.0,80.0,57.0,74.0,86.0,82.0,58.0,65.28571428571429,intermediate
33.0,32.0,47.0,42.0,66.0,84.0,27.0,47.285714285714285,intermediate
60.0,94.0,36.0,33.0,30.0,35.0,48.0,48.0,intermediate
39.0,64.0,56.0,67.0,33.0,98.0,48.0,57.857142857142854,intermediate
28.0,86.0,61.0,88.0,67.0,70.0,82.0,68.85714285714286,intermediate
32.0,28.0,31.0,14.0,46.0,13.0,17.0,25.857142857142858,beginner
43.0,44.0,88.0,34.0,22.0,56.0,74.0,51.57142857142857,intermediate
26.0,97.0,36.0,71.0,72.0,73.0,59.0,62.0,intermediate
6.0,15.0,53.0,14.0,27.0,30.0,31.0,25.142857142857142,beginner
21.0,29.0,4.0,24.0,5.0,21.0,42.0,20.857142857142858,beginner
93.0,93.0,87.0,90.0,88.0,84.0,83.0,88.28571428571429,advanced
66.0,86.0,38.0,29.0,76.0,72.0,41.0,58.285714285714285,intermediate
11.0,2.0,12.0,42.0,4.0,14.0,24.0,15.571428571428571,beginner
12.0,1.0,15.0,37.0,0.0,27.0,56.0,21.142857142857142,beginner
60.0,67.0,56.0,81.0,33.0,44.0,77.0,59.714285714285715,intermediate
75.0,82.0,87.0,94.0,81.0,79.0,98.0,85.14285714285714,advanced
55.0,72.0,85.0,85.0,56.0,74.0,29.0,65.14285714285714,intermediate
22.0,26.0,37.0,17.0,51.0,31.0,24.0,29.714285714285715,beginner
74.0,80.0,84.0,90.0,76.0,84.0,89.0,82.42857142857143,advanced
10.0,25.0,18.0,69.0,22.0,21.0,27.0,27.428571428571427,beginner
96.0,57.0,74.0,92.0,89.0,84.0,83.0,82.14285714285714,advanced
54.0,75.0,36.0,67.0,56.0,38.0,82.0,58.285714285714285,intermediate
16.0,24.0,33.0,68.0,15.0,19.0,17.0,27.428571428571427,beginner
77.0,68.0,67.0,66.0,74.0,74.0,78.0,72.0,advanced
51.0,44.0,12.0,41.0,47.0,28.0,15.0,34.0,beginner
78.0,87.0,81.0,38.0,72.0,82.0,41.0,68.42857142857143,intermediate
86.0,83.0,78.0,69.0,80.0,80.0,67.0,77.57142857142857,advanced
75.0,76.0,50.0,81.0,63.0,73.0,69.0,69.57142857142857,advanced
83.0,100.0,98.0,82.0,86.0,79.0,100.0,89.71428571428571,advanced
75.0,77.0,80.0,76.0,76.0,67.0,73.0,74.85714285714286,advanced
3.0,9.0,2.0,18.0,50.0,2.0,0.0,12.0,beginner
91.0,39.0,88.0,61.0,52.0,87.0,91.0,72.71428571428571,intermediate
91.0,88.0,88.0,70.0,89.0,74.0,58.0,79.71428571428571,advanced
80.0,68.0,77.0,70.0,67.0,76.0,72.0,72.85714285714286,advanced
32.0,86.0,79.0,66.0,57.0,51.0,86.0,65.28571428571429,intermediate
50.0,47.0,14.0,49.0,41.0,20.0,43.0,37.714285714285715,beginner
58.0,56.0,78.0,86.0,62.0,59.0,81.0,68.57142857142857,intermediate
90.0,66.0,87.0,82.0,73.0,81.0,93.0,81.71428571428571,advanced
83.0,77.0,63.0,87.0,89.0,74.0,74.0,78.14285714285714,advanced
59.0,48.0,29.0,86.0,47.0,75.0,83.0,61.0,intermediate
55.0,45.0,35.0,57.0,34.0,34.0,84.0,49.142857142857146,intermediate
21.0,68.0,89.0,77.0,66.0,81.0,82.0,69.14285714285714,intermediate
80.0,54.0,39.0,60.0,67.0,37.0,71.0,58.285714285714285,intermediate
14.0,22.0,48.0,24.0,30.0,23.0,14.0,25.0,beginner
92.0,80.0,82.0,54.0,100.0,89.0,84.0,83.0,advanced
77.0,67.0,75.0,74.0,76.0,77.0,68.0,73.42857142857143,advanced
33.0,68.0,91.0,80.0,63.0,75.0,87.0,71.0,intermediate
13.0,15.0,26.0,48.0,14.0,26.0,35.0,25.285714285714285,beginner
62.0,35.0,94.0,68.0,29.0,38.0,36.0,51.714285714285715,intermediate
5.0,28.0,13.0,39.0,5.0,42.0,24.0,22.285714285714285,beginner
55.0,15.0,4.0,19.0,6.0,41.0,41.0,25.857142857142858,beginner
79.0,97.0,38.0,46.0,43.0,37.0,25.0,52.142857142857146,intermediate
26.0,4.0,7.0,0.0,50.0,31.0,0.0,16.857142857142858,beginner
74.0,81.0,74.0,83.0,84.0,81.0,66.0,77.57142857142857,advanced
60.0,52.0,25.0,54.0,70.0,85.0,53.0,57.0,intermediate
89.0,100.0,92.0,89.0,93.0,96.0,84.0,91.85714285714286,advanced
83.0,80.0,98.0,93.0,80.0,85.0,83.0,86.0,advanced
58.0,88.0,64.0,49.0,71.0,81.0,29.0,62.857142857142854,intermediate
34.0,84.0,81.0,72.0,68.0,44.0,69.0,64.57142857142857,intermediate
56.0,75.0,52.0,73.0,32.0,98.0,53.0,62.714285714285715,intermediate
17.0,19.0,45.0,42.0,8.0,31.0,29.0,27.285714285714285,beginner
20.0,23.0,45.0,29.0,12.0,31.0,4.0,23.428571428571427,beginner
31.0,46.0,53.0,47.0,96.0,66.0,73.0,58.857142857142854,intermediate
43.0,34.0,38.0,49.0,46.0,24.0,40.0,39.142857142857146,beginner
18.0,56.0,41.0,23.0,19.0,16.0,32.0,29.285714285714285,beginner
82.0,64.0,95.0,96.0,82.0,88.0,86.0,84.71428571428571,advanced
31.0,7.0,28.0,31.0,57.0,44.0,10.0,29.714285714285715,beginner
52.0,34.0,52.0,50.0,47.0,45.0,42.0,46.0,beginner
18.0,21.0,25.0,47.0,37.0,32.0,32.0,30.285714285714285,beginner
86.0,25.0,28.0,34.0,45.0,37.0,65.0,45.714285714285715,intermediate
32.0,50.0,81.0,66.0,98.0,78.0,52.0,65.28571428571429,intermediate
82.0,81.0,80.0,81.0,85.0,87.0,94.0,84.28571428571429,advanced
37.0,68.0,21.0,16.0,41.0,16.0,40.0,34.142857142857146,beginner
77.0,70.0,84.0,80.0,84.0,57.0,56.0,72.57142857142857,intermediate
85.0,66.0,66.0,89.0,53.0,88.0,85.0,76.0,advanced
36.0,9.0,22.0,30.0,34.0,59.0,28.0,31.142857142857142,beginner
80.0,79.0,73.0,87.0,75.0,83.0,86.0,80.42857142857143,advanced
82.0,72.0,72.0,71.0,71.0,83.0,76.0,75.28571428571429,advanced
60.0,49.0,59.0,28.0,95.0,38.0,38.0,52.42857142857143,intermediate
69.0,59.0,81.0,73.0,53.0,87.0,30.0,64.57142857142857,intermediate
46.0,17.0,25.0,18.0,28.0,16.0,9.0,22.714285714285715,beginner
42.0,25.0,39.0,50.0,42.0,34.0,17.0,35.57142857142857,beginner
69.0,81.0,68.0,88.0,70.0,75.0,81.0,76.0,advanced
95.0,88.0,56.0,91.0,92.0,94.0,98.0,87.71428571428571,advanced
27.0,93.0,24.0,51.0,58.0,57.0,47.0,51.0,intermediate
68.0,53.0,87.0,32.0,42.0,52.0,78.0,58.857142857142854,intermediate
26.0,30.0,52.0,31.0,59.0,33.0,25.0,36.57142857142857,beginner
31.0,30.0,68.0,55.0,55.0,48.0,81.0,52.57142857142857,intermediate
41.0,88.0,82.0,59.0,39.0,63.0,33.0,57.857142857142854,intermediate
31.0,6.0,32.0,60.0,32.0,39.0,10.0,30.0,beginner
80.0,67.0,38.0,63.0,21.0,45.0,68.0,54.57142857142857,intermediate
82.0,80.0,69.0,74.0,90.0,91.0,50.0,76.57142857142857,advanced
96.0,100.0,88.0,81.0,96.0,66.0,82.0,87.0,advanced
34.0,88.0,37.0,71.0,62.0,46.0,32.0,52.857142857142854,intermediate
49.0,35.0,18.0,13.0,45.0,43.0,27.0,32.857142857142854,beginner
33.0,40.0,63.0,42.0,40.0,14.0,37.0,38.42857142857143,beginner
0.0,7.0,0.0,2.0,9.0,69.0,21.0,15.428571428571429,beginner
16.0,4.0,59.0,25.0,9.0,21.0,0.0,19.142857142857142,beginner
70.0,76.0,71.0,84.0,77.0,67.0,84.0,75.57142857142857,advanced
78.0,69.0,64.0,65.0,60.0,66.0,74.0,68.0,advanced
57.0,28.0,46.0,36.0,52.0,52.0,26.0,42.42857142857143,beginner
14.0,15.0,35.0,32.0,63.0,33.0,21.0,30.428571428571427,beginner
40.0,30.0,82.0,62.0,47.0,31.0,40.0,47.42857142857143,intermediate
23.0,37.0,23.0,27.0,69.0,21.0,37.0,33.857142857142854,beginner
65.0,74.0,75.0,63.0,66.0,66.0,84.0,70.42857142857143,advanced
42.0,23.0,40.0,16.0,20.0,44.0,51.0,33.714285714285715,beginner
82.0,96.0,74.0,87.0,75.0,74.0,53.0,77.28571428571429,advanced
75.0,73.0,93.0,66.0,80.0,93.0,87.0,81.0,advanced
78.0,72.0,73.0,72.0,61.0,70.0,75.0,71.57142857142857,advanced
87.0,78.0,94.0,85.0,91.0,71.0,75.0,83.0,advanced
52.0,4.0,25.0,41.0,30.0,13.0,21.0,26.571428571428573,beginner
32.0,30.0,37.0,66.0,22.0,16.0,11.0,30.571428571428573,beginner
70.0,35.0,43.0,35.0,58.0,91.0,61.0,56.142857142857146,intermediate
41.0,19.0,22.0,22.0,17.0,46.0,30.0,28.142857142857142,beginner
33.0,20.0,35.0,46.0,63.0,57.0,87.0,48.714285714285715,intermediate
15.0,22.0,69.0,21.0,33.0,15.0,22.0,28.142857142857142,beginner
41.0,67.0,94.0,72.0,72.0,58.0,69.0,67.57142857142857,intermediate
23.0,8.0,38.0,14.0,28.0,16.0,49.0,25.142857142857142,beginner
47.0,33.0,52.0,48.0,17.0,15.0,40.0,36.0,beginner
48.0,17.0,33.0,29.0,37.0,6.0,23.0,27.571428571428573,beginner
100.0,84.0,83.0,86.0,85.0,79.0,60.0,82.42857142857143,advanced
83.0,72.0,74.0,77.0,45.0,66.0,83.0,71.42857142857143,intermediate
74.0,80.0,79.0,74.0,89.0,63.0,85.0,77.71428571428571,advanced
56.0,73.0,77.0,74.0,79.0,87.0,91.0,76.71428571428571,advanced
26.0,11.0,44.0,41.0,13.0,51.0,35.0,31.571428571428573,beginner
5.0,50.0,22.0,18.0,0.0,0.0,0.0,13.571428571428571,beginner
56.0,38.0,40.0,75.0,61.0,58.0,87.0,59.285714285714285,intermediate
67.0,49.0,54.0,39.0,51.0,44.0,40.0,49.142857142857146,beginner
82.0,98.0,84.0,100.0,96.0,85.0,66.0,87.28571428571429,advanced
54.0,55.0,30.0,56.0,62.0,98.0,50.0,57.857142857142854,intermediate
24.0,18.0,38.0,42.0,12.0,50.0,14.0,28.285714285714285,beginner
73.0,29.0,76.0,71.0,71.0,93.0,62.0,67.85714285714286,intermediate
38.0,32.0,28.0,30.0,30.0,30.0,85.0,39.0,intermediate
83.0,82.0,71.0,90.0,85.0,80.0,84.0,82.14285714285714,advanced
10.0,14.0,29.0,19.0,44.0,13.0,12.0,20.142857142857142,beginner
93.0,78.0,92.0,77.0,76.0,81.0,72.0,81.28571428571429,advanced
90.0,66.0,71.0,65.0,67.0,54.0,67.0,68.57142857142857,intermediate
60.0,76.0,70.0,54.0,95.0,34.0,72.0,65.85714285714286,intermediate
51.0,25.0,64.0,84.0,20.0,38.0,49.0,47.285714285714285,intermediate
79.0,87.0,88.0,36.0,73.0,72.0,74.0,72.71428571428571,intermediate
72.0,70.0,83.0,64.0,71.0,79.0,85.0,74.85714285714286,advanced
14.0,34.0,5.0,19.0,6.0,28.0,67.0,24.714285714285715,beginner
60.0,81.0,81.0,81.0,64.0,82.0,65.0,73.42857142857143,advanced
34.0,74.0,44.0,81.0,69.0,45.0,57.0,57.714285714285715,intermediate
34.0,47.0,15.0,62.0,12.0,24.0,34.0,32.57142857142857,beginner
91.0,32.0,24.0,44.0,37.0,48.0,37.0,44.714285714285715,intermediate
67.0,57.0,84.0,56.0,44.0,74.0,65.0,63.857142857142854,intermediate
68.0,83.0,80.0,74.0,74.0,74.0,54.0,72.42857142857143,advanced
64.0,83.0,44.0,78.0,35.0,36.0,39.0,54.142857142857146,intermediate
91.0,84.0,91.0,90.0,100.0,64.0,93.0,87.57142857142857,advanced
23.0,42.0,22.0,35.0,19.0,25.0,66.0,33.142857142857146,beginner
73.0,69.0,71.0,85.0,64.0,65.0,67.0,70.57142857142857,advanced
36.0,97.0,73.0,53.0,58.0,23.0,63.0,57.57142857142857,intermediate
3.0,8.0,56.0,21.0,0.0,28.0,2.0,16.857142857142858,beginner
6.0,9.0,18.0,66.0,12.0,33.0,34.0,25.428571428571427,beginner
66.0,62.0,78.0,63.0,74.0,62.0,78.0,69.0,advanced
24.0,92.0,32.0,62.0,39.0,48.0,32.0,47.0,intermediate
17.0,17.0,17.0,16.0,39.0,54.0,65.0,32.142857142857146,beginner
29.0,11.0,24.0,43.0,45.0,42.0,17.0,30.142857142857142,beginner
81.0,70.0,69.0,75.0,89.0,52.0,74.0,72.85714285714286,advanced
32.0,65.0,56.0,39.0,86.0,48.0,62.0,55.42857142857143,intermediate
68.0,89.0,88.0,27.0,75.0,85.0,61.0,70.42857142857143,intermediate
68.0,70.0,81.0,68.0,71.0,60.0,82.0,71.42857142857143,advanced
55.0,35.0,50.0,37.0,30.0,68.0,94.0,52.714285714285715,intermediate
80.0,92.0,90.0,70.0,75.0,80.0,76.0,80.42857142857143,advanced
72.0,85.0,84.0,81.0,50.0,91.0,31.0,70.57142857142857,intermediate
95.0,82.0,94.0,54.0,73.0,76.0,79.0,79.0,advanced
19.0,26.0,60.0,43.0,29.0,53.0,44.0,39.142857142857146,beginner
62.0,60.0,65.0,71.0,81.0,82.0,77.0,71.14285714285714,advanced
61.0,30.0,65.0,29.0,88.0,72.0,66.0,58.714285714285715,intermediate
95.0,75.0,87.0,86.0,82.0,97.0,75.0,85.28571428571429,advanced
68.0,51.0,65.0,77.0,66.0,71.0,87.0,69.28571428571429,advanced
8.0,65.0,30.0,32.0,12.0,18.0,15.0,25.714285714285715,beginner
94.0,56.0,70.0,85.0,85.0,73.0,80.0,77.57142857142857,advanced
30.0,82.0,49.0,56.0,54.0,91.0,60.0,60.285714285714285,intermediate
51.0,67.0,39.0,86.0,40.0,54.0,75.0,58.857142857142854,intermediate
0.0,53.0,23.0,34.0,1.0,36.0,3.0,21.428571428571427,beginner
93.0,83.0,100.0,94.0,84.0,82.0,82.0,88.28571428571429,advanced
8.0,24.0,15.0,51.0,13.0,10.0,8.0,18.428571428571427,beginner
36.0,55.0,90.0,70.0,76.0,72.0,87.0,69.42857142857143,intermediate
90.0,50.0,22.0,49.0,80.0,88.0,63.0,63.142857142857146,intermediate
51.0,52.0,60.0,41.0,46.0,93.0,29.0,53.142857142857146,intermediate
72.0,51.0,37.0,54.0,44.0,50.0,96.0,57.714285714285715,intermediate
0.0,28.0,47.0,27.0,14.0,0.0,28.0,20.571428571428573,beginner
90.0,27.0,36.0,37.0,34.0,63.0,67.0,50.57142857142857,intermediate
75.0,80.0,81.0,86.0,93.0,85.0,79.0,82.71428571428571,advanced
66.0,49.0,73.0,90.0,55.0,67.0,45.0,63.57142857142857,intermediate
63.0,63.0,79.0,67.0,84.0,62.0,78.0,70.85714285714286,intermediate
52.0,35.0,68.0,41.0,34.0,21.0,42.0,41.857142857142854,beginner
67.0,27.0,62.0,43.0,67.0,34.0,93.0,56.142857142857146,intermediate
36.0,29.0,8.0,24.0,18.0,54.0,26.0,27.857142857142858,beginner
0.0,0.0,16.0,0.0,68.0,29.0,0.0,16.142857142857142,beginner
36.0,61.0,30.0,61.0,96.0,31.0,61.0,53.714285714285715,intermediate
63.0,31.0,32.0,31.0,26.0,15.0,41.0,34.142857142857146,beginner
88.0,88.0,81.0,95.0,93.0,93.0,78.0,88.0,advanced
18.0,28.0,38.0,39.0,55.0,4.0,27.0,29.857142857142858,beginner
83.0,87.0,88.0,81.0,64.0,71.0,65.0,77.0,advanced
20.0,75.0,97.0,67.0,32.0,73.0,32.0,56.57142857142857,intermediate
3.0,6.0,54.0,14.0,27.0,14.0,12.0,18.571428571428573,beginner
25.0,43.0,31.0,12.0,14.0,43.0,69.0,33.857142857142854,beginner
26.0,47.0,44.0,38.0,21.0,15.0,26.0,31.0,beginner
75.0,75.0,73.0,74.0,75.0,78.0,91.0,77.28571428571429,advanced
67.0,80.0,71.0,68.0,72.0,85.0,86.0,75.57142857142857,advanced
31.0,52.0,39.0,18.0,48.0,26.0,54.0,38.285714285714285,beginner
37.0,25.0,30.0,43.0,41.0,22.0,45.0,34.714285714285715,beginner
83.0,97.0,96.0,76.0,93.0,53.0,87.0,83.57142857142857,advanced
32.0,74.0,59.0,80.0,67.0,51.0,81.0,63.42857142857143,intermediate
36.0,39.0,44.0,18.0,48.0,57.0,44.0,40.857142857142854,beginner
41.0,11.0,26.0,7.0,19.0,36.0,14.0,22.0,beginner
85.0,47.0,88.0,28.0,46.0,88.0,87.0,67.0,intermediate
57.0,47.0,79.0,21.0,71.0,81.0,80.0,62.285714285714285,intermediate
81.0,87.0,87.0,100.0,94.0,92.0,93.0,90.57142857142856,advanced
95.0,46.0,22.0,61.0,55.0,51.0,29.0,51.285714285714285,intermediate
40.0,32.0,31.0,58.0,33.0,37.0,25.0,36.57142857142857,beginner
72.0,81.0,72.0,86.0,83.0,64.0,83.0,77.28571428571429,advanced
98.0,95.0,81.0,77.0,55.0,76.0,81.0,80.42857142857143,advanced
76.0,65.0,82.0,81.0,72.0,81.0,69.0,75.14285714285714,advanced
81.0,81.0,38.0,78.0,72.0,88.0,53.0,70.14285714285714,intermediate
50.0,8.0,21.0,25.0,28.0,28.0,32.0,27.428571428571427,beginner
45.0,52.0,74.0,25.0,91.0,51.0,55.0,56.142857142857146,intermediate
20.0,68.0,43.0,67.0,98.0,87.0,64.0,63.857142857142854,intermediate
76.0,56.0,42.0,75.0,29.0,96.0,69.0,63.285714285714285,intermediate
57.0,75.0,74.0,79.0,84.0,77.0,84.0,75.71428571428571,advanced
71.0,32.0,53.0,98.0,62.0,44.0,46.0,58.0,intermediate
40.0,13.0,35.0,40.0,51.0,18.0,16.0,30.428571428571427,beginner
68.0,46.0,86.0,39.0,64.0,25.0,66.0,56.285714285714285,intermediate
60.0,0.0,11.0,17.0,12.0,35.0,16.0,21.571428571428573,beginner
17.0,22.0,45.0,42.0,43.0,12.0,14.0,27.857142857142858,beginner
57.0,35.0,81.0,50.0,45.0,66.0,46.0,54.285714285714285,intermediate
45.0,77.0,52.0,60.0,64.0,48.0,83.0,61.285714285714285,intermediate
25.0,4.0,19.0,1.0,19.0,31.0,40.0,19.857142857142858,beginner
15.0,32.0,10.0,40.0,14.0,61.0,47.0,31.285714285714285,beginner
83.0,55.0,62.0,70.0,93.0,30.0,75.0,66.85714285714286,intermediate
83.0,67.0,85.0,71.0,71.0,80.0,90.0,78.14285714285714,advanced
54.0,24.0,89.0,48.0,57.0,43.0,44.0,51.285714285714285,intermediate
7.0,16.0,21.0,0.0,10.0,46.0,0.0,14.285714285714286,beginner
26.0,98.0,86.0,58.0,83.0,61.0,82.0,70.57142857142857,intermediate
6.0,7.0,0.0,52.0,23.0,7.0,25.0,17.142857142857142,beginner
11.0,15.0,66.0,27.0,29.0,13.0,33.0,27.714285714285715,beginner
82.0,64.0,67.0,52.0,28.0,86.0,97.0,68.0,intermediate
88.0,52.0,90.0,70.0,80.0,81.0,29.0,70.0,intermediate
62.0,50.0,87.0,74.0,96.0,86.0,60.0,73.57142857142857,intermediate
2.0,28.0,66.0,32.0,32.0,29.0,24.0,30.428571428571427,beginner
73.0,72.0,81.0,73.0,85.0,76.0,68.0,75.42857142857143,advanced
62.0,16.0,31.0,0.0,23.0,30.0,26.0,26.857142857142858,beginner
31.0,30.0,32.0,80.0,51.0,64.0,35.0,46.142857142857146,intermediate
33.0,35.0,40.0,13.0,57.0,32.0,18.0,32.57142857142857,beginner
91.0,75.0,50.0,55.0,39.0,54.0,74.0,62.57142857142857,intermediate
21.0,15.0,3.0,61.0,15.0,22.0,15.0,21.714285714285715,beginner
19.0,11.0,8.0,28.0,63.0,23.0,10.0,23.142857142857142,beginner
93.0,83.0,96.0,82.0,89.0,92.0,81.0,88.0,advanced
52.0,24.0,46.0,17.0,42.0,44.0,35.0,37.142857142857146,beginner
72.0,54.0,99.0,80.0,79.0,20.0,38.0,63.142857142857146,intermediate
11.0,52.0,34.0,24.0,22.0,20.0,17.0,25.714285714285715,beginner
84.0,59.0,100.0,93.0,89.0,98.0,82.0,86.42857142857143,advanced
21.0,25.0,6.0,35.0,65.0,21.0,35.0,29.714285714285715,beginner
83.0,46.0,50.0,60.0,38.0,33.0,61.0,53.0,intermediate
85.0,71.0,75.0,82.0,50.0,35.0,49.0,63.857142857142854,intermediate
74.0,60.0,65.0,60.0,71.0,62.0,76.0,66.85714285714286,advanced
15.0,15.0,15.0,48.0,2.0,2.0,7.0,14.857142857142858,beginner
31.0,16.0,40.0,31.0,9.0,51.0,30.0,29.714285714285715,beginner
34.0,46.0,63.0,55.0,67.0,41.0,97.0,57.57142857142857,intermediate
13.0,34.0,3.0,3.0,15.0,29.0,52.0,21.285714285714285,beginner
34.0,29.0,46.0,37.0,31.0,62.0,55.0,42.0,beginner
41.0,26.0,56.0,55.0,29.0,64.0,87.0,51.142857142857146,intermediate
26.0,47.0,5.0,24.0,12.0,13.0,14.0,20.142857142857142,beginner
13.0,35.0,14.0,48.0,34.0,28.0,10.0,26.0,beginner
35.0,11.0,13.0,30.0,54.0,21.0,5.0,24.142857142857142,beginner
43.0,24.0,29.0,96.0,42.0,65.0,33.0,47.42857142857143,intermediate
93.0,76.0,57.0,58.0,58.0,52.0,23.0,59.57142857142857,intermediate
100.0,80.0,82.0,94.0,84.0,55.0,100.0,85.0,advanced
23.0,36.0,23.0,46.0,55.0,31.0,39.0,36.142857142857146,beginner
38.0,7.0,23.0,7.0,68.0,20.0,25.0,26.857142857142858,beginner
41.0,11.0,5.0,6.0,57.0,19.0,25.0,23.428571428571427,beginner
61.0,22.0,29.0,16.0,41.0,40.0,42.0,35.857142857142854,beginner
49.0,40.0,50.0,67.0,39.0,35.0,38.0,45.42857142857143,beginner
95.0,86.0,91.0,93.0,58.0,96.0,92.0,87.28571428571429,advanced
17.0,9.0,1.0,12.0,10.0,28.0,59.0,19.428571428571427,beginner
1.0,26.0,17.0,1.0,5.0,11.0,63.0,17.714285714285715,beginner
34.0,2.0,12.0,32.0,34.0,2.0,52.0,24.0,beginner
0.0,1.0,0.0,5.0,52.0,0.0,0.0,8.285714285714286,beginner
57.0,53.0,34.0,52.0,73.0,81.0,53.0,57.57142857142857,intermediate
38.0,16.0,35.0,56.0,35.0,18.0,52.0,35.714285714285715,beginner
43.0,45.0,34.0,96.0,40.0,25.0,29.0,44.57142857142857,intermediate
39.0,15.0,18.0,56.0,15.0,26.0,30.0,28.428571428571427,beginner
88.0,88.0,83.0,51.0,86.0,69.0,67.0,76.0,advanced
67.0,64.0,72.0,68.0,22.0,84.0,69.0,63.714285714285715,intermediate
66.0,46.0,21.0,83.0,54.0,52.0,67.0,55.57142857142857,intermediate
78.0,82.0,71.0,78.0,73.0,64.0,84.0,75.71428571428571,advanced
67.0,79.0,71.0,89.0,92.0,82.0,83.0,80.42857142857143,advanced
68.0,74.0,81.0,88.0,91.0,77.0,92.0,81.57142857142857,advanced
67.0,63.0,94.0,41.0,76.0,37.0,40.0,59.714285714285715,intermediate
83.0,77.0,81.0,92.0,86.0,94.0,69.0,83.14285714285714,advanced
12.0,32.0,34.0,30.0,49.0,14.0,17.0,26.857142857142858,beginner
20.0,9.0,9.0,29.0,19.0,63.0,0.0,21.285714285714285,beginner
21.0,0.0,3.0,10.0,3.0,54.0,0.0,13.0,beginner
26.0,24.0,60.0,27.0,25.0,12.0,23.0,28.142857142857142,beginner
49.0,56.0,42.0,93.0,64.0,37.0,41.0,54.57142857142857,intermediate
34.0,30.0,13.0,22.0,23.0,42.0,3.0,23.857142857142858,beginner
29.0,16.0,17.0,3.0,0.0,55.0,36.0,22.285714285714285,beginner
59.0,90.0,35.0,59.0,47.0,65.0,42.0,56.714285714285715,intermediate
68.0,24.0,68.0,81.0,72.0,83.0,84.0,68.57142857142857,intermediate
77.0,68.0,29.0,84.0,46.0,46.0,74.0,60.57142857142857,intermediate
47.0,36.0,49.0,26.0,21.0,24.0,67.0,38.57142857142857,beginner
75.0,64.0,81.0,63.0,67.0,78.0,80.0,72.57142857142857,advanced
75.0,83.0,82.0,74.0,81.0,93.0,86.0,82.0,advanced
59.0,49.0,50.0,23.0,83.0,57.0,44.0,52.142857142857146,intermediate
82.0,82.0,72.0,67.0,76.0,70.0,65.0,73.42857142857143,advanced
48.0,89.0,28.0,36.0,62.0,33.0,33.0,47.0,intermediate
47.0,36.0,36.0,47.0,48.0,26.0,22.0,37.42857142857143,beginner
55.0,56.0,51.0,50.0,46.0,27.0,48.0,47.57142857142857,beginner
52.0,97.0,40.0,75.0,32.0,60.0,47.0,57.57142857142857,intermediate
24.0,62.0,1.0,8.0,0.0,23.0,7.0,17.857142857142858,beginner
83.0,82.0,68.0,86.0,34.0,44.0,66.0,66.14285714285714,intermediate
0.0,27.0,66.0,28.0,0.0,15.0,0.0,19.428571428571427,beginner
69.0,84.0,73.0,82.0,85.0,79.0,74.0,78.0,advanced
84.0,77.0,88.0,78.0,96.0,82.0,88.0,84.71428571428571,advanced
81.0,64.0,87.0,84.0,27.0,54.0,68.0,66.42857142857143,intermediate
89.0,93.0,92.0,96.0,87.0,64.0,91.0,87.42857142857143,advanced
40.0,52.0,56.0,38.0,93.0,66.0,39.0,54.857142857142854,intermediate
0.0,11.0,56.0,2.0,0.0,6.0,0.0,10.714285714285714,beginner
72.0,72.0,94.0,79.0,75.0,76.0,73.0,77.28571428571429,advanced
74.0,95.0,61.0,86.0,93.0,78.0,77.0,80.57142857142857,advanced
72.0,60.0,38.0,47.0,29.0,76.0,81.0,57.57142857142857,intermediate
7.0,0.0,28.0,0.0,29.0,33.0,40.0,19.571428571428573,beginner
59.0,33.0,37.0,73.0,46.0,87.0,60.0,56.42857142857143,intermediate
42.0,37.0,33.0,37.0,44.0,91.0,56.0,48.57142857142857,intermediate
79.0,94.0,47.0,80.0,27.0,46.0,52.0,60.714285714285715,intermediate
94.0,76.0,74.0,88.0,92.0,87.0,91.0,86.0,advanced
22.0,62.0,42.0,7.0,38.0,9.0,38.0,31.142857142857142,beginner
81.0,73.0,79.0,73.0,71.0,81.0,69.0,75.28571428571429,advanced
76.0,82.0,71.0,81.0,67.0,65.0,76.0,74.0,intermediate
59.0,67.0,70.0,80.0,62.0,79.0,71.0,69.71428571428571,advanced
76.0,77.0,78.0,73.0,84.0,92.0,78.0,79.71428571428571,advanced
81.0,35.0,23.0,75.0,52.0,70.0,44.0,54.285714285714285,intermediate
80.0,27.0,50.0,59.0,34.0,42.0,42.0,47.714285714285715,intermediate
74.0,63.0,67.0,87.0,71.0,79.0,69.0,72.85714285714286,advanced
49.0,6.0,10.0,15.0,1.0,5.0,15.0,14.428571428571429,beginner
80.0,83.0,96.0,77.0,80.0,85.0,64.0,80.71428571428571,advanced
19.0,32.0,41.0,43.0,14.0,39.0,45.0,33.285714285714285,beginner
85.0,93.0,87.0,79.0,70.0,69.0,75.0,79.71428571428571,advanced
56.0,54.0,38.0,22.0,31.0,95.0,47.0,49.0,intermediate
48.0,52.0,34.0,66.0,94.0,32.0,39.0,52.142857142857146,intermediate
49.0,68.0,46.0,89.0,67.0,66.0,86.0,67.28571428571429,intermediate
92.0,73.0,97.0,80.0,95.0,61.0,88.0,83.71428571428571,advanced
32.0,41.0,33.0,32.0,30.0,49.0,39.0,36.57142857142857,beginner
84.0,65.0,70.0,64.0,69.0,78.0,65.0,70.71428571428571,advanced
73.0,40.0,86.0,43.0,83.0,55.0,83.0,66.14285714285714,intermediate
89.0,62.0,69.0,37.0,42.0,44.0,60.0,57.57142857142857,intermediate
89.0,91.0,90.0,99.0,92.0,92.0,80.0,90.42857142857144,advanced
18.0,9.0,5.0,2.0,12.0,40.0,16.0,14.571428571428571,beginner
70.0,47.0,51.0,86.0,20.0,84.0,73.0,61.57142857142857,intermediate
28.0,91.0,54.0,60.0,83.0,57.0,86.0,65.57142857142857,intermediate
61.0,77.0,39.0,87.0,57.0,83.0,43.0,63.857142857142854,intermediate
56.0,81.0,52.0,38.0,29.0,27.0,28.0,44.42857142857143,intermediate
12.0,14.0,27.0,6.0,42.0,34.0,40.0,25.0,beginner
0.0,12.0,31.0,28.0,18.0,64.0,21.0,24.857142857142858,beginner
29.0,56.0,32.0,46.0,92.0,36.0,36.0,46.714285714285715,intermediate
7.0,36.0,30.0,12.0,30.0,66.0,28.0,29.857142857142858,beginner
8.0,32.0,15.0,16.0,33.0,25.0,44.0,24.714285714285715,beginner
99.0,31.0,75.0,57.0,63.0,74.0,72.0,67.28571428571429,intermediate
49.0,50.0,49.0,94.0,30.0,47.0,23.0,48.857142857142854,intermediate
91.0,85.0,72.0,79.0,69.0,70.0,90.0,79.42857142857143,advanced
55.0,98.0,64.0,69.0,27.0,35.0,48.0,56.57142857142857,intermediate
16.0,20.0,52.0,52.0,42.0,24.0,49.0,36.42857142857143,beginner
82.0,90.0,90.0,66.0,85.0,77.0,82.0,81.71428571428571,advanced
15.0,28.0,49.0,16.0,30.0,19.0,12.0,24.142857142857142,beginner
78.0,77.0,86.0,97.0,82.0,82.0,93.0,85.0,advanced
80.0,73.0,81.0,73.0,88.0,33.0,77.0,72.14285714285714,intermediate
50.0,23.0,24.0,23.0,44.0,30.0,29.0,31.857142857142858,beginner
40.0,64.0,41.0,49.0,43.0,16.0,25.0,39.714285714285715,beginner
81.0,47.0,65.0,61.0,48.0,38.0,63.0,57.57142857142857,intermediate
25.0,24.0,27.0,4.0,0.0,51.0,17.0,21.142857142857142,beginner
45.0,57.0,86.0,60.0,47.0,24.0,40.0,51.285714285714285,intermediate
78.0,71.0,82.0,61.0,74.0,68.0,63.0,71.0,advanced
28.0,17.0,0.0,3.0,0.0,64.0,13.0,17.857142857142858,beginner
52.0,44.0,18.0,23.0,30.0,18.0,24.0,29.857142857142858,beginner
69.0,87.0,73.0,93.0,90.0,69.0,74.0,79.28571428571429,advanced
28.0,21.0,31.0,21.0,62.0,24.0,18.0,29.285714285714285,beginner
39.0,39.0,51.0,89.0,70.0,52.0,52.0,56.0,intermediate
70.0,70.0,91.0,59.0,71.0,74.0,83.0,74.0,advanced
24.0,31.0,53.0,0.0,4.0,4.0,20.0,19.428571428571427,beginner
43.0,40.0,34.0,48.0,45.0,25.0,13.0,35.42857142857143,beginner
18.0,16.0,34.0,12.0,31.0,32.0,47.0,27.142857142857142,beginner
93.0,77.0,88.0,91.0,61.0,93.0,89.0,84.57142857142857,advanced
7.0,1.0,33.0,63.0,0.0,16.0,17.0,19.571428571428573,beginner
47.0,60.0,94.0,56.0,54.0,42.0,33.0,55.142857142857146,intermediate
17.0,27.0,62.0,18.0,49.0,24.0,28.0,32.142857142857146,beginner
42.0,11.0,34.0,23.0,34.0,6.0,10.0,22.857142857142858,beginner
19.0,13.0,43.0,49.0,31.0,33.0,6.0,27.714285714285715,beginner
52.0,48.0,25.0,22.0,30.0,24.0,20.0,31.571428571428573,beginner
33.0,23.0,90.0,34.0,77.0,74.0,36.0,52.42857142857143,intermediate
69.0,29.0,57.0,45.0,70.0,82.0,63.0,59.285714285714285,intermediate
84.0,78.0,73.0,68.0,66.0,73.0,64.0,72.28571428571429,advanced
53.0,34.0,26.0,42.0,53.0,17.0,48.0,39.0,beginner
48.0,21.0,67.0,46.0,15.0,18.0,44.0,37.0,beginner
42.0,66.0,49.0,28.0,45.0,12.0,38.0,40.0,beginner
37.0,36.0,66.0,81.0,67.0,24.0,36.0,49.57142857142857,intermediate
82.0,76.0,98.0,80.0,94.0,99.0,96.0,89.28571428571429,advanced
94.0,63.0,42.0,42.0,30.0,27.0,55.0,50.42857142857143,intermediate
97.0,82.0,88.0,94.0,98.0,63.0,100.0,88.85714285714286,advanced
36.0,58.0,30.0,55.0,30.0,38.0,99.0,49.42857142857143,intermediate
37.0,64.0,56.0,42.0,86.0,75.0,50.0,58.57142857142857,intermediate
68.0,8.0,21.0,0.0,10.0,34.0,2.0,20.428571428571427,beginner
1.0,14.0,21.0,26.0,55.0,28.0,0.0,20.714285714285715,beginner
79.0,76.0,89.0,47.0,27.0,50.0,57.0,60.714285714285715,intermediate
10.0,21.0,10.0,48.0,14.0,16.0,5.0,17.714285714285715,beginner
21.0,67.0,37.0,28.0,12.0,38.0,21.0,32.0,beginner
28.0,42.0,32.0,42.0,32.0,41.0,42.0,37.0,beginner
78.0,83.0,80.0,81.0,81.0,90.0,81.0,82.0,advanced
33.0,22.0,20.0,31.0,36.0,18.0,61.0,31.571428571428573,beginner
63.0,71.0,62.0,50.0,83.0,79.0,74.0,68.85714285714286,advanced
76.0,97.0,80.0,97.0,95.0,88.0,80.0,87.57142857142857,advanced
59.0,79.0,57.0,63.0,29.0,89.0,75.0,64.42857142857143,intermediate
72.0,79.0,66.0,70.0,64.0,72.0,81.0,72.0,advanced
96.0,99.0,82.0,50.0,91.0,96.0,84.0,85.42857142857143,advanced
54.0,34.0,20.0,20.0,11.0,17.0,24.0,25.714285714285715,beginner
93.0,78.0,72.0,60.0,26.0,50.0,57.0,62.285714285714285,intermediate
54.0,26.0,28.0,37.0,27.0,16.0,38.0,32.285714285714285,beginner
25.0,11.0,48.0,25.0,11.0,42.0,12.0,24.857142857142858,beginner
45.0,39.0,44.0,27.0,62.0,46.0,39.0,43.142857142857146,beginner
84.0,100.0,95.0,61.0,100.0,89.0,85.0,87.71428571428571,advanced
50.0,51.0,68.0,33.0,64.0,83.0,38.0,55.285714285714285,intermediate
66.0,28.0,21.0,42.0,88.0,68.0,43.0,50.857142857142854,intermediate
35.0,80.0,50.0,45.0,68.0,35.0,36.0,49.857142857142854,intermediate
40.0,37.0,7.0,54.0,10.0,22.0,6.0,25.142857142857142,beginner
63.0,54.0,49.0,58.0,83.0,64.0,26.0,56.714285714285715,intermediate
64.0,70.0,78.0,69.0,78.0,69.0,67.0,70.71428571428571,advanced
77.0,68.0,66.0,67.0,51.0,69.0,82.0,68.57142857142857,advanced
38.0,27.0,53.0,21.0,42.0,52.0,61.0,42.0,beginner
6.0,19.0,35.0,40.0,64.0,29.0,10.0,29.0,beginner
26.0,0.0,15.0,49.0,10.0,8.0,25.0,19.0,beginner
86.0,82.0,53.0,72.0,67.0,65.0,85.0,72.85714285714286,advanced
28.0,4.0,38.0,42.0,18.0,3.0,27.0,22.857142857142858,beginner
26.0,20.0,65.0,29.0,6.0,34.0,27.0,29.571428571428573,beginner
41.0,54.0,82.0,34.0,56.0,59.0,49.0,53.57142857142857,intermediate
97.0,62.0,77.0,99.0,82.0,97.0,92.0,86.57142857142857,advanced
51.0,89.0,58.0,53.0,58.0,48.0,94.0,64.42857142857143,intermediate
79.0,94.0,82.0,91.0,82.0,82.0,75.0,83.57142857142857,advanced
67.0,69.0,75.0,32.0,39.0,60.0,89.0,61.57142857142857,intermediate
87.0,86.0,82.0,56.0,20.0,89.0,82.0,71.71428571428571,intermediate
29.0,37.0,62.0,40.0,23.0,30.0,39.0,37.142857142857146,beginner
99.0,90.0,98.0,85.0,84.0,80.0,97.0,90.42857142857144,advanced
34.0,47.0,52.0,44.0,50.0,48.0,49.0,46.285714285714285,beginner
77.0,83.0,84.0,77.0,55.0,87.0,84.0,78.14285714285714,advanced
35.0,56.0,16.0,33.0,14.0,21.0,28.0,29.0,beginner
59.0,33.0,99.0,35.0,66.0,58.0,33.0,54.714285714285715,intermediate
78.0,78.0,80.0,81.0,75.0,50.0,92.0,76.28571428571429,advanced
31.0,62.0,60.0,24.0,28.0,89.0,27.0,45.857142857142854,intermediate
22.0,63.0,41.0,30.0,52.0,59.0,84.0,50.142857142857146,intermediate
38.0,43.0,37.0,37.0,37.0,54.0,7.0,36.142857142857146,beginner
33.0,42.0,45.0,94.0,38.0,72.0,60.0,54.857142857142854,intermediate
33.0,45.0,62.0,24.0,55.0,95.0,32.0,49.42857142857143,intermediate
40.0,43.0,62.0,61.0,45.0,32.0,93.0,53.714285714285715,intermediate
33.0,37.0,34.0,20.0,49.0,48.0,25.0,35.142857142857146,beginner
23.0,0.0,20.0,11.0,68.0,0.0,0.0,17.428571428571427,beginner
88.0,82.0,81.0,82.0,89.0,81.0,78.0,83.0,advanced
48.0,56.0,63.0,65.0,86.0,38.0,55.0,58.714285714285715,intermediate
39.0,94.0,53.0,39.0,78.0,47.0,74.0,60.57142857142857,intermediate
40.0,59.0,40.0,85.0,69.0,38.0,41.0,53.142857142857146,intermediate
21.0,23.0,60.0,26.0,5.0,5.0,8.0,21.142857142857142,beginner
32.0,26.0,15.0,16.0,40.0,38.0,67.0,33.42857142857143,beginner
66.0,84.0,53.0,37.0,28.0,28.0,61.0,51.0,intermediate
38.0,37.0,37.0,98.0,53.0,37.0,58.0,51.142857142857146,intermediate
57.0,7.0,6.0,29.0,3.0,0.0,34.0,19.428571428571427,beginner
25.0,7.0,44.0,0.0,8.0,7.0,12.0,14.714285714285714,beginner
71.0,66.0,68.0,65.0,83.0,78.0,76.0,72.42857142857143,advanced
40.0,0.0,31.0,3.0,8.0,0.0,11.0,13.285714285714286,beginner
46.0,44.0,69.0,24.0,20.0,40.0,22.0,37.857142857142854,beginner
42.0,23.0,34.0,22.0,39.0,83.0,45.0,41.142857142857146,intermediate
75.0,38.0,32.0,59.0,90.0,68.0,43.0,57.857142857142854,intermediate
68.0,64.0,62.0,67.0,78.0,71.0,65.0,67.85714285714286,advanced
42.0,48.0,43.0,46.0,45.0,25.0,45.0,42.0,beginner
10.0,45.0,28.0,22.0,24.0,26.0,31.0,26.571428571428573,beginner
75.0,74.0,67.0,81.0,92.0,88.0,52.0,75.57142857142857,intermediate
20.0,0.0,3.0,69.0,18.0,1.0,0.0,15.857142857142858,beginner
68.0,44.0,90.0,25.0,60.0,79.0,65.0,61.57142857142857,intermediate
9.0,40.0,28.0,27.0,15.0,24.0,53.0,28.0,beginner
15.0,27.0,42.0,44.0,32.0,12.0,68.0,34.285714285714285,beginner
0.0,2.0,23.0,27.0,31.0,29.0,48.0,22.857142857142858,beginner
47.0,39.0,26.0,43.0,8.0,10.0,15.0,26.857142857142858,beginner
84.0,86.0,75.0,66.0,54.0,94.0,89.0,78.28571428571429,intermediate
52.0,56.0,58.0,36.0,69.0,80.0,30.0,54.42857142857143,intermediate
14.0,42.0,18.0,44.0,20.0,10.0,38.0,26.571428571428573,beginner
86.0,74.0,86.0,68.0,71.0,80.0,85.0,78.57142857142857,advanced
27.0,19.0,27.0,17.0,53.0,12.0,19.0,24.857142857142858,beginner
72.0,83.0,75.0,76.0,68.0,60.0,66.0,71.42857142857143,advanced
73.0,66.0,89.0,51.0,78.0,90.0,73.0,74.28571428571429,advanced
27.0,41.0,61.0,94.0,65.0,47.0,33.0,52.57142857142857,intermediate
89.0,93.0,57.0,87.0,84.0,94.0,82.0,83.71428571428571,advanced
65.0,3.0,16.0,0.0,14.0,6.0,7.0,15.857142857142858,beginner
30.0,32.0,47.0,45.0,27.0,22.0,69.0,38.857142857142854,beginner
97.0,53.0,36.0,67.0,61.0,73.0,56.0,63.285714285714285,intermediate
83.0,75.0,51.0,84.0,90.0,84.0,62.0,75.57142857142857,intermediate
27.0,80.0,29.0,36.0,34.0,46.0,48.0,42.857142857142854,intermediate
84.0,87.0,81.0,80.0,84.0,63.0,55.0,76.28571428571429,intermediate
23.0,29.0,69.0,29.0,16.0,36.0,8.0,30.0,beginner
81.0,93.0,95.0,90.0,94.0,95.0,75.0,89.0,advanced
89.0,82.0,90.0,75.0,69.0,91.0,79.0,82.14285714285714,advanced
52.0,45.0,31.0,81.0,85.0,54.0,74.0,60.285714285714285,intermediate
26.0,55.0,89.0,70.0,82.0,69.0,62.0,64.71428571428571,intermediate
68.0,43.0,57.0,67.0,59.0,86.0,25.0,57.857142857142854,intermediate
89.0,40.0,21.0,44.0,65.0,40.0,40.0,48.42857142857143,intermediate
19.0,42.0,12.0,6.0,28.0,4.0,4.0,16.428571428571427,beginner
57.0,73.0,69.0,63.0,73.0,84.0,73.0,70.28571428571429,advanced
31.0,22.0,35.0,37.0,14.0,62.0,2.0,29.0,beginner
27.0,55.0,64.0,30.0,54.0,92.0,29.0,50.142857142857146,intermediate
71.0,88.0,68.0,84.0,73.0,70.0,86.0,77.14285714285714,advanced
69.0,96.0,56.0,23.0,65.0,29.0,28.0,52.285714285714285,intermediate
83.0,63.0,74.0,89.0,96.0,76.0,83.0,80.57142857142857,advanced
84.0,71.0,75.0,92.0,74.0,77.0,81.0,79.14285714285714,advanced
0.0,23.0,15.0,6.0,0.0,23.0,68.0,19.285714285714285,beginner
7.0,0.0,65.0,7.0,16.0,21.0,6.0,17.428571428571427,beginner
56.0,26.0,54.0,86.0,56.0,33.0,29.0,48.57142857142857,intermediate
48.0,39.0,48.0,22.0,59.0,20.0,39.0,39.285714285714285,beginner
52.0,54.0,87.0,62.0,51.0,80.0,27.0,59.0,intermediate
72.0,88.0,89.0,80.0,72.0,67.0,88.0,79.42857142857143,advanced
65.0,63.0,72.0,65.0,68.0,63.0,76.0,67.42857142857143,advanced
94.0,98.0,76.0,95.0,75.0,92.0,94.0,89.14285714285714,advanced
11.0,38.0,16.0,12.0,43.0,44.0,26.0,27.142857142857142,beginner
62.0,84.0,56.0,36.0,42.0,38.0,32.0,50.0,intermediate
56.0,73.0,72.0,82.0,89.0,88.0,69.0,75.57142857142857,advanced
16.0,15.0,0.0,16.0,0.0,53.0,21.0,17.285714285714285,beginner
64.0,73.0,76.0,66.0,68.0,68.0,67.0,68.85714285714286,advanced
91.0,63.0,83.0,88.0,77.0,84.0,77.0,80.42857142857143,advanced
4.0,20.0,56.0,38.0,13.0,7.0,12.0,21.428571428571427,beginner
46.0,27.0,83.0,62.0,73.0,45.0,85.0,60.142857142857146,intermediate
85.0,79.0,65.0,66.0,69.0,70.0,67.0,71.57142857142857,advanced
64.0,23.0,42.0,27.0,50.0,26.0,51.0,40.42857142857143,beginner
84.0,81.0,65.0,51.0,30.0,76.0,81.0,66.85714285714286,intermediate
89.0,70.0,75.0,56.0,54.0,46.0,38.0,61.142857142857146,intermediate
76.0,81.0,81.0,65.0,72.0,77.0,72.0,74.85714285714286,advanced
32.0,38.0,42.0,12.0,42.0,46.0,27.0,34.142857142857146,beginner
59.0,20.0,36.0,35.0,19.0,33.0,40.0,34.57142857142857,beginner
67.0,62.0,76.0,71.0,78.0,50.0,62.0,66.57142857142857,advanced
6.0,12.0,63.0,18.0,18.0,38.0,14.0,24.142857142857142,beginner
60.0,89.0,62.0,61.0,38.0,51.0,68.0,61.285714285714285,intermediate
67.0,37.0,49.0,74.0,48.0,89.0,28.0,56.0,intermediate
74.0,71.0,74.0,66.0,83.0,70.0,89.0,75.28571428571429,advanced
49.0,88.0,83.0,22.0,76.0,77.0,89.0,69.14285714285714,intermediate
21.0,37.0,64.0,67.0,33.0,99.0,45.0,52.285714285714285,intermediate
92.0,79.0,59.0,29.0,85.0,47.0,47.0,62.57142857142857,intermediate
28.0,74.0,82.0,44.0,83.0,80.0,71.0,66.0,intermediate
31.0,19.0,43.0,5.0,27.0,22.0,11.0,22.571428571428573,beginner
30.0,95.0,66.0,32.0,64.0,44.0,43.0,53.42857142857143,intermediate
60.0,20.0,75.0,70.0,73.0,91.0,87.0,68.0,intermediate
90.0,93.0,95.0,96.0,91.0,85.0,86.0,90.85714285714286,advanced
28.0,58.0,38.0,51.0,22.0,26.0,32.0,36.42857142857143,beginner
78.0,67.0,68.0,69.0,69.0,63.0,63.0,68.14285714285714,advanced
54.0,3.0,15.0,12.0,22.0,17.0,38.0,23.0,beginner
37.0,45.0,47.0,20.0,52.0,98.0,49.0,49.714285714285715,intermediate
42.0,27.0,31.0,86.0,58.0,40.0,52.0,48.0,intermediate
40.0,16.0,43.0,19.0,56.0,13.0,17.0,29.142857142857142,beginner
71.0,71.0,93.0,44.0,21.0,57.0,74.0,61.57142857142857,intermediate
80.0,76.0,56.0,86.0,95.0,84.0,82.0,79.85714285714286,advanced
15.0,25.0,15.0,67.0,28.0,22.0,33.0,29.285714285714285,beginner
39.0,43.0,58.0,91.0,57.0,31.0,59.0,54.0,intermediate
76.0,87.0,87.0,60.0,77.0,80.0,84.0,78.71428571428571,advanced
0.0,0.0,12.0,22.0,4.0,49.0,14.0,14.428571428571429,beginner
67.0,67.0,75.0,84.0,71.0,76.0,69.0,72.71428571428571,advanced
37.0,65.0,96.0,64.0,69.0,40.0,52.0,60.42857142857143,intermediate
21.0,18.0,68.0,29.0,27.0,12.0,5.0,25.714285714285715,beginner
17.0,2.0,14.0,9.0,69.0,19.0,8.0,19.714285714285715,beginner
80.0,55.0,63.0,41.0,26.0,53.0,62.0,54.285714285714285,intermediate
30.0,84.0,51.0,91.0,75.0,54.0,54.0,62.714285714285715,intermediate
37.0,16.0,47.0,17.0,47.0,28.0,32.0,32.0,beginner
38.0,41.0,35.0,85.0,27.0,51.0,51.0,46.857142857142854,intermediate
27.0,30.0,64.0,60.0,54.0,98.0,39.0,53.142857142857146,intermediate
70.0,85.0,72.0,64.0,86.0,73.0,64.0,73.42857142857143,advanced
41.0,54.0,10.0,38.0,11.0,18.0,31.0,29.0,beginner
14.0,10.0,36.0,26.0,23.0,28.0,49.0,26.571428571428573,beginner
55.0,60.0,42.0,97.0,69.0,73.0,31.0,61.0,intermediate
29.0,42.0,16.0,55.0,32.0,29.0,39.0,34.57142857142857,beginner
83.0,50.0,85.0,71.0,86.0,72.0,88.0,76.42857142857143,advanced
99.0,51.0,70.0,79.0,33.0,58.0,83.0,67.57142857142857,intermediate
31.0,17.0,41.0,29.0,29.0,22.0,48.0,31.0,beginner
27.0,74.0,65.0,97.0,39.0,39.0,57.0,56.857142857142854,intermediate
92.0,89.0,69.0,74.0,85.0,74.0,84.0,81.0,advanced
51.0,8.0,37.0,14.0,15.0,18.0,4.0,21.0,beginner
20.0,6.0,28.0,25.0,3.0,39.0,41.0,23.142857142857142,beginner
18.0,31.0,31.0,13.0,24.0,24.0,48.0,27.0,beginner
27.0,15.0,21.0,14.0,3.0,64.0,5.0,21.285714285714285,beginner
61.0,36.0,44.0,38.0,38.0,50.0,87.0,50.57142857142857,intermediate
35.0,41.0,28.0,40.0,23.0,33.0,43.0,34.714285714285715,beginner
75.0,96.0,90.0,59.0,84.0,76.0,83.0,80.42857142857143,advanced
93.0,41.0,24.0,58.0,25.0,32.0,23.0,42.285714285714285,intermediate
91.0,39.0,84.0,51.0,58.0,67.0,75.0,66.42857142857143,intermediate
89.0,86.0,94.0,82.0,74.0,72.0,89.0,83.71428571428571,advanced
24.0,48.0,26.0,55.0,19.0,66.0,49.0,41.0,beginner
48.0,89.0,71.0,53.0,45.0,53.0,39.0,56.857142857142854,intermediate
78.0,58.0,56.0,23.0,66.0,55.0,92.0,61.142857142857146,intermediate
94.0,50.0,42.0,59.0,49.0,36.0,58.0,55.42857142857143,intermediate
8.0,3.0,32.0,22.0,51.0,28.0,4.0,21.142857142857142,beginner
74.0,78.0,81.0,91.0,94.0,78.0,89.0,83.57142857142857,advanced
44.0,43.0,36.0,17.0,45.0,21.0,41.0,35.285714285714285,beginner
17.0,22.0,18.0,16.0,18.0,56.0,5.0,21.714285714285715,beginner
55.0,86.0,81.0,93.0,93.0,73.0,85.0,80.85714285714286,advanced
36.0,22.0,16.0,25.0,29.0,23.0,46.0,28.142857142857142,beginner
19.0,48.0,18.0,16.0,19.0,21.0,41.0,26.0,beginner
19.0,8.0,21.0,23.0,63.0,11.0,0.0,20.714285714285715,beginner
82.0,87.0,69.0,83.0,81.0,66.0,74.0,77.42857142857143,advanced
41.0,37.0,48.0,51.0,27.0,23.0,66.0,41.857142857142854,beginner
69.0,46.0,22.0,29.0,50.0,21.0,36.0,39.0,beginner
37.0,60.0,72.0,94.0,73.0,53.0,56.0,63.57142857142857,intermediate
5.0,21.0,31.0,2.0,1.0,44.0,14.0,16.857142857142858,beginner
32.0,51.0,20.0,44.0,58.0,39.0,98.0,48.857142857142854,intermediate
90.0,73.0,62.0,39.0,74.0,55.0,72.0,66.42857142857143,intermediate
80.0,88.0,76.0,77.0,73.0,79.0,87.0,80.0,advanced
29.0,64.0,0.0,32.0,20.0,0.0,23.0,24.0,beginner
42.0,20.0,16.0,20.0,0.0,21.0,25.0,20.571428571428573,beginner
88.0,70.0,69.0,58.0,75.0,71.0,43.0,67.71428571428571,intermediate
27.0,15.0,33.0,41.0,46.0,24.0,55.0,34.42857142857143,beginner
23.0,44.0,0.0,3.0,7.0,16.0,32.0,17.857142857142858,beginner
60.0,83.0,72.0,78.0,82.0,73.0,89.0,76.71428571428571,advanced
32.0,53.0,99.0,24.0,59.0,55.0,64.0,55.142857142857146,intermediate
30.0,53.0,99.0,47.0,47.0,51.0,41.0,52.57142857142857,intermediate
19.0,4.0,1.0,1.0,17.0,20.0,60.0,17.428571428571427,beginner
95.0,46.0,66.0,74.0,33.0,42.0,77.0,61.857142857142854,intermediate
18.0,0.0,43.0,0.0,2.0,11.0,1.0,10.714285714285714,beginner
49.0,30.0,39.0,42.0,31.0,23.0,24.0,34.0,beginner
74.0,60.0,94.0,97.0,96.0,85.0,94.0,85.71428571428571,advanced
63.0,80.0,70.0,63.0,62.0,74.0,78.0,70.0,advanced
26.0,28.0,61.0,0.0,0.0,0.0,0.0,16.428571428571427,beginner
69.0,63.0,69.0,64.0,68.0,54.0,63.0,64.28571428571429,advanced
80.0,93.0,100.0,88.0,100.0,84.0,97.0,91.71428571428572,advanced
0.0,5.0,25.0,52.0,0.0,0.0,5.0,12.428571428571429,beginner
44.0,37.0,4.0,7.0,15.0,24.0,43.0,24.857142857142858,beginner
86.0,53.0,69.0,89.0,73.0,84.0,69.0,74.71428571428571,advanced
88.0,83.0,76.0,83.0,74.0,96.0,85.0,83.57142857142857,advanced
48.0,53.0,55.0,82.0,67.0,65.0,31.0,57.285714285714285,intermediate
18.0,3.0,40.0,37.0,15.0,14.0,62.0,27.0,beginner
30.0,64.0,51.0,50.0,45.0,82.0,38.0,51.42857142857143,intermediate
41.0,52.0,35.0,64.0,41.0,19.0,37.0,41.285714285714285,beginner
52.0,94.0,61.0,59.0,23.0,50.0,75.0,59.142857142857146,intermediate
33.0,44.0,48.0,10.0,36.0,55.0,11.0,33.857142857142854,beginner
1.0,19.0,3.0,54.0,0.0,4.0,0.0,11.571428571428571,beginner
50.0,27.0,23.0,68.0,18.0,25.0,29.0,34.285714285714285,beginner
21.0,38.0,37.0,46.0,66.0,23.0,46.0,39.57142857142857,beginner
81.0,62.0,81.0,80.0,76.0,83.0,30.0,70.42857142857143,intermediate
25.0,47.0,33.0,46.0,47.0,40.0,38.0,39.42857142857143,beginner
24.0,3.0,16.0,8.0,5.0,66.0,8.0,18.571428571428573,beginner
28.0,40.0,41.0,53.0,54.0,97.0,50.0,51.857142857142854,intermediate
61.0,30.0,12.0,33.0,13.0,17.0,40.0,29.428571428571427,beginner
57.0,18.0,34.0,39.0,15.0,7.0,20.0,27.142857142857142,beginner
68.0,66.0,60.0,62.0,79.0,60.0,68.0,66.14285714285714,advanced
21.0,52.0,42.0,95.0,77.0,44.0,51.0,54.57142857142857,intermediate
2.0,41.0,32.0,0.0,9.0,30.0,13.0,18.142857142857142,beginner
61.0,27.0,24.0,47.0,64.0,80.0,25.0,46.857142857142854,intermediate
56.0,80.0,58.0,54.0,69.0,31.0,33.0,54.42857142857143,intermediate
23.0,97.0,63.0,58.0,78.0,83.0,64.0,66.57142857142857,intermediate
70.0,83.0,82.0,66.0,34.0,65.0,47.0,63.857142857142854,intermediate
76.0,82.0,96.0,91.0,78.0,97.0,79.0,85.57142857142857,advanced
78.0,82.0,85.0,86.0,84.0,67.0,86.0,81.14285714285714,advanced
72.0,70.0,76.0,71.0,83.0,71.0,87.0,75.71428571428571,advanced
38.0,76.0,81.0,76.0,35.0,33.0,49.0,55.42857142857143,intermediate
36.0,23.0,24.0,40.0,30.0,48.0,13.0,30.571428571428573,beginner
13.0,40.0,68.0,41.0,32.0,14.0,9.0,31.0,beginner
85.0,94.0,92.0,89.0,82.0,79.0,77.0,85.42857142857143,advanced
34.0,77.0,82.0,63.0,62.0,56.0,33.0,58.142857142857146,intermediate
86.0,78.0,89.0,95.0,74.0,84.0,52.0,79.71428571428571,advanced
43.0,57.0,26.0,46.0,82.0,43.0,38.0,47.857142857142854,intermediate
23.0,84.0,63.0,49.0,56.0,63.0,25.0,51.857142857142854,intermediate
79.0,75.0,58.0,75.0,87.0,84.0,83.0,77.28571428571429,advanced
65.0,42.0,76.0,79.0,28.0,63.0,91.0,63.42857142857143,intermediate
20.0,43.0,65.0,26.0,30.0,86.0,45.0,45.0,intermediate
36.0,24.0,57.0,32.0,20.0,56.0,37.0,37.42857142857143,beginner
38.0,95.0,55.0,35.0,34.0,64.0,61.0,54.57142857142857,intermediate
15.0,32.0,60.0,40.0,6.0,39.0,13.0,29.285714285714285,beginner
25.0,13.0,47.0,48.0,35.0,50.0,21.0,34.142857142857146,beginner
82.0,77.0,82.0,83.0,62.0,69.0,63.0,74.0,advanced
65.0,36.0,49.0,92.0,52.0,36.0,42.0,53.142857142857146,intermediate
55.0,86.0,85.0,56.0,86.0,25.0,88.0,68.71428571428571,intermediate
51.0,90.0,92.0,87.0,94.0,95.0,96.0,86.42857142857143,advanced
58.0,88.0,64.0,26.0,56.0,64.0,49.0,57.857142857142854,intermediate
21.0,53.0,20.0,0.0,5.0,3.0,14.0,16.571428571428573,beginner
19.0,63.0,14.0,8.0,31.0,32.0,9.0,25.142857142857142,beginner
39.0,52.0,44.0,51.0,22.0,31.0,15.0,36.285714285714285,beginner
45.0,49.0,31.0,47.0,61.0,88.0,35.0,50.857142857142854,intermediate
42.0,25.0,54.0,21.0,22.0,31.0,25.0,31.428571428571427,beginner
91.0,32.0,73.0,81.0,72.0,58.0,81.0,69.71428571428571,intermediate
62.0,76.0,85.0,78.0,80.0,81.0,95.0,79.57142857142857,advanced
10.0,14.0,23.0,35.0,2.0,69.0,30.0,26.142857142857142,beginner
78.0,84.0,78.0,55.0,63.0,75.0,63.0,70.85714285714286,advanced
51.0,39.0,46.0,31.0,33.0,86.0,33.0,45.57142857142857,intermediate
64.0,35.0,32.0,39.0,89.0,36.0,20.0,45.0,intermediate
18.0,49.0,47.0,48.0,42.0,38.0,55.0,42.42857142857143,beginner
85.0,77.0,90.0,83.0,77.0,88.0,91.0,84.42857142857143,advanced
21.0,61.0,74.0,86.0,49.0,92.0,55.0,62.57142857142857,intermediate
57.0,52.0,51.0,91.0,76.0,60.0,25.0,58.857142857142854,intermediate
68.0,73.0,83.0,69.0,71.0,54.0,85.0,71.85714285714286,advanced
28.0,0.0,23.0,4.0,20.0,61.0,29.0,23.571428571428573,beginner
50.0,30.0,14.0,32.0,17.0,40.0,43.0,32.285714285714285,beginner
87.0,47.0,40.0,52.0,55.0,23.0,36.0,48.57142857142857,intermediate
45.0,58.0,90.0,70.0,51.0,44.0,44.0,57.42857142857143,intermediate
79.0,77.0,66.0,75.0,75.0,67.0,72.0,73.0,advanced
83.0,72.0,75.0,79.0,87.0,89.0,61.0,78.0,advanced
10.0,56.0,9.0,11.0,26.0,3.0,10.0,17.857142857142858,beginner
99.0,98.0,89.0,100.0,83.0,89.0,58.0,88.0,advanced
84.0,82.0,69.0,59.0,60.0,78.0,74.0,72.28571428571429,advanced
85.0,76.0,31.0,63.0,68.0,84.0,62.0,67.0,intermediate
88.0,92.0,93.0,75.0,58.0,82.0,73.0,80.14285714285714,advanced
63.0,61.0,23.0,49.0,85.0,44.0,31.0,50.857142857142854,intermediate
39.0,54.0,52.0,47.0,30.0,94.0,57.0,53.285714285714285,intermediate
26.0,68.0,62.0,51.0,85.0,78.0,71.0,63.0,intermediate
86.0,84.0,86.0,90.0,100.0,95.0,78.0,88.42857142857143,advanced
30.0,0.0,28.0,4.0,62.0,27.0,0.0,21.571428571428573,beginner
21.0,23.0,66.0,15.0,45.0,48.0,46.0,37.714285714285715,beginner
84.0,93.0,79.0,82.0,73.0,65.0,77.0,79.0,advanced
97.0,37.0,57.0,36.0,33.0,58.0,41.0,51.285714285714285,intermediate
89.0,95.0,90.0,80.0,93.0,88.0,93.0,89.71428571428571,advanced
79.0,97.0,90.0,90.0,82.0,92.0,81.0,87.28571428571429,advanced
14.0,10.0,39.0,35.0,16.0,67.0,35.0,30.857142857142858,beginner
66.0,66.0,89.0,75.0,88.0,77.0,73.0,76.28571428571429,advanced
85.0,73.0,77.0,76.0,85.0,91.0,69.0,79.42857142857143,advanced
89.0,39.0,25.0,40.0,63.0,34.0,39.0,47.0,intermediate
59.0,60.0,23.0,54.0,22.0,35.0,84.0,48.142857142857146,intermediate
88.0,82.0,89.0,70.0,73.0,86.0,86.0,82.0,advanced
26.0,64.0,52.0,49.0,24.0,89.0,33.0,48.142857142857146,intermediate
16.0,46.0,41.0,9.0,41.0,37.0,16.0,29.428571428571427,beginner
45.0,15.0,40.0,19.0,38.0,34.0,14.0,29.285714285714285,beginner
96.0,85.0,75.0,78.0,83.0,86.0,67.0,81.42857142857143,advanced
28.0,64.0,38.0,47.0,60.0,95.0,20.0,50.285714285714285,intermediate
78.0,80.0,72.0,80.0,69.0,82.0,81.0,77.42857142857143,advanced
1.0,42.0,18.0,5.0,30.0,34.0,7.0,19.571428571428573,beginner
29.0,19.0,18.0,48.0,15.0,62.0,42.0,33.285714285714285,beginner
56.0,28.0,31.0,19.0,20.0,35.0,30.0,31.285714285714285,beginner
65.0,36.0,38.0,17.0,8.0,31.0,32.0,32.42857142857143,beginner
80.0,93.0,48.0,47.0,75.0,80.0,34.0,65.28571428571429,intermediate
45.0,47.0,43.0,92.0,56.0,43.0,25.0,50.142857142857146,intermediate
86.0,74.0,62.0,81.0,78.0,82.0,93.0,79.42857142857143,advanced
79.0,50.0,73.0,86.0,85.0,84.0,88.0,77.85714285714286,advanced
87.0,100.0,88.0,86.0,99.0,66.0,79.0,86.42857142857143,advanced
81.0,42.0,39.0,57.0,66.0,57.0,48.0,55.714285714285715,intermediate
10.0,6.0,26.0,36.0,26.0,66.0,21.0,27.285714285714285,beginner
10.0,68.0,31.0,3.0,0.0,20.0,31.0,23.285714285714285,beginner
63.0,30.0,39.0,37.0,15.0,34.0,26.0,34.857142857142854,beginner
21.0,26.0,17.0,29.0,19.0,61.0,17.0,27.142857142857142,beginner
68.0,73.0,82.0,77.0,76.0,45.0,23.0,63.42857142857143,intermediate
10.0,6.0,20.0,15.0,12.0,19.0,46.0,18.285714285714285,beginner
28.0,46.0,55.0,31.0,67.0,26.0,22.0,39.285714285714285,beginner
64.0,45.0,29.0,11.0,40.0,43.0,42.0,39.142857142857146,beginner
18.0,31.0,25.0,9.0,60.0,38.0,12.0,27.571428571428573,beginner
33.0,44.0,6.0,32.0,33.0,35.0,31.0,30.571428571428573,beginner
38.0,74.0,84.0,64.0,38.0,35.0,59.0,56.0,intermediate
88.0,87.0,89.0,94.0,80.0,91.0,87.0,88.0,advanced
37.0,49.0,25.0,30.0,86.0,41.0,61.0,47.0,intermediate
5.0,15.0,5.0,3.0,2.0,54.0,34.0,16.857142857142858,beginner
86.0,52.0,82.0,96.0,69.0,29.0,82.0,70.85714285714286,intermediate
74.0,91.0,85.0,82.0,79.0,56.0,79.0,78.0,advanced
34.0,49.0,27.0,43.0,13.0,41.0,19.0,32.285714285714285,beginner
30.0,57.0,40.0,49.0,49.0,42.0,39.0,43.714285714285715,beginner
65.0,65.0,65.0,75.0,62.0,82.0,80.0,70.57142857142857,advanced
47.0,28.0,51.0,54.0,22.0,13.0,21.0,33.714285714285715,beginner
96.0,90.0,82.0,100.0,89.0,80.0,83.0,88.57142857142857,advanced
31.0,49.0,12.0,47.0,38.0,51.0,49.0,39.57142857142857,beginner
96.0,58.0,38.0,41.0,60.0,39.0,44.0,53.714285714285715,intermediate
44.0,42.0,40.0,33.0,15.0,12.0,42.0,32.57142857142857,beginner
81.0,57.0,59.0,81.0,63.0,67.0,94.0,71.71428571428571,intermediate
40.0,24.0,47.0,11.0,18.0,57.0,20.0,31.0,beginner
92.0,44.0,81.0,51.0,73.0,55.0,28.0,60.57142857142857,intermediate
44.0,56.0,54.0,25.0,86.0,77.0,75.0,59.57142857142857,intermediate
44.0,46.0,12.0,27.0,44.0,22.0,26.0,31.571428571428573,beginner
42.0,35.0,39.0,20.0,88.0,63.0,44.0,47.285714285714285,intermediate
27.0,51.0,79.0,52.0,43.0,77.0,87.0,59.42857142857143,intermediate
0.0,21.0,7.0,27.0,7.0,18.0,53.0,19.0,beginner
22.0,53.0,0.0,12.0,25.0,29.0,20.0,23.0,beginner
48.0,29.0,95.0,64.0,46.0,57.0,20.0,51.285714285714285,intermediate
79.0,76.0,95.0,92.0,80.0,67.0,97.0,83.71428571428571,advanced
48.0,56.0,69.0,90.0,72.0,71.0,65.0,67.28571428571429,intermediate
36.0,25.0,44.0,26.0,63.0,82.0,38.0,44.857142857142854,intermediate
78.0,87.0,67.0,83.0,72.0,84.0,57.0,75.42857142857143,advanced
85.0,98.0,99.0,85.0,79.0,77.0,93.0,88.0,advanced
80.0,24.0,62.0,85.0,82.0,90.0,52.0,67.85714285714286,intermediate
50.0,39.0,54.0,53.0,47.0,51.0,43.0,48.142857142857146,beginner
80.0,69.0,69.0,81.0,79.0,67.0,70.0,73.57142857142857,advanced
86.0,78.0,65.0,79.0,68.0,64.0,54.0,70.57142857142857,advanced
20.0,39.0,38.0,9.0,10.0,15.0,40.0,24.428571428571427,beginner
10.0,43.0,12.0,33.0,13.0,43.0,30.0,26.285714285714285,beginner
70.0,45.0,75.0,42.0,56.0,51.0,81.0,60.0,intermediate
70.0,72.0,80.0,83.0,59.0,87.0,86.0,76.71428571428571,advanced
68.0,46.0,52.0,22.0,50.0,99.0,69.0,58.0,intermediate
63.0,47.0,38.0,60.0,84.0,53.0,99.0,63.42857142857143,intermediate
87.0,75.0,78.0,64.0,71.0,70.0,36.0,68.71428571428571,intermediate
43.0,49.0,31.0,48.0,14.0,38.0,30.0,36.142857142857146,beginner
29.0,0.0,45.0,11.0,31.0,21.0,28.0,23.571428571428573,beginner
55.0,20.0,49.0,44.0,45.0,55.0,48.0,45.142857142857146,beginner
18.0,16.0,14.0,30.0,24.0,13.0,41.0,22.285714285714285,beginner
77.0,71.0,79.0,52.0,78.0,86.0,71.0,73.42857142857143,advanced
42.0,12.0,21.0,48.0,45.0,47.0,50.0,37.857142857142854,beginner
66.0,26.0,33.0,67.0,38.0,84.0,69.0,54.714285714285715,intermediate
81.0,68.0,51.0,29.0,65.0,66.0,87.0,63.857142857142854,intermediate
48.0,28.0,35.0,34.0,16.0,26.0,3.0,27.142857142857142,beginner
43.0,33.0,32.0,48.0,39.0,96.0,53.0,49.142857142857146,intermediate
66.0,67.0,60.0,81.0,33.0,99.0,72.0,68.28571428571429,intermediate
14.0,8.0,37.0,26.0,24.0,36.0,59.0,29.142857142857142,beginner
52.0,29.0,25.0,27.0,80.0,44.0,34.0,41.57142857142857,intermediate
64.0,28.0,48.0,54.0,26.0,98.0,47.0,52.142857142857146,intermediate
48.0,46.0,48.0,31.0,26.0,26.0,45.0,38.57142857142857,beginner
59.0,22.0,3.0,7.0,0.0,0.0,9.0,14.285714285714286,beginner
75.0,81.0,61.0,62.0,80.0,67.0,85.0,73.0,advanced
35.0,20.0,9.0,43.0,32.0,41.0,25.0,29.285714285714285,beginner
82.0,80.0,29.0,58.0,85.0,98.0,79.0,73.0,intermediate
35.0,37.0,21.0,41.0,4.0,35.0,61.0,33.42857142857143,beginner
6.0,35.0,19.0,38.0,39.0,37.0,45.0,31.285714285714285,beginner
32.0,24.0,36.0,42.0,20.0,43.0,19.0,30.857142857142858,beginner
48.0,39.0,48.0,22.0,28.0,38.0,33.0,36.57142857142857,beginner
72.0,87.0,65.0,93.0,95.0,93.0,91.0,85.14285714285714,advanced
87.0,82.0,63.0,66.0,88.0,83.0,78.0,78.14285714285714,advanced
44.0,29.0,52.0,37.0,48.0,80.0,72.0,51.714285714285715,intermediate
37.0,45.0,11.0,16.0,43.0,66.0,16.0,33.42857142857143,beginner
83.0,76.0,86.0,77.0,88.0,82.0,77.0,81.28571428571429,advanced
70.0,83.0,87.0,84.0,88.0,82.0,92.0,83.71428571428571,advanced
40.0,36.0,15.0,12.0,66.0,7.0,39.0,30.714285714285715,beginner
82.0,24.0,42.0,51.0,56.0,73.0,63.0,55.857142857142854,intermediate
48.0,41.0,25.0,29.0,26.0,28.0,7.0,29.142857142857142,beginner
59.0,39.0,24.0,38.0,43.0,58.0,35.0,42.285714285714285,beginner
81.0,56.0,92.0,84.0,92.0,94.0,76.0,82.14285714285714,advanced
83.0,69.0,94.0,73.0,84.0,21.0,67.0,70.14285714285714,intermediate
23.0,42.0,39.0,23.0,40.0,24.0,60.0,35.857142857142854,beginner
82.0,65.0,89.0,29.0,83.0,87.0,66.0,71.57142857142857,intermediate
9.0,12.0,39.0,25.0,8.0,54.0,13.0,22.857142857142858,beginner
82.0,67.0,66.0,86.0,69.0,78.0,76.0,74.85714285714286,advanced
14.0,5.0,68.0,39.0,23.0,36.0,41.0,32.285714285714285,beginner
40.0,30.0,11.0,40.0,27.0,64.0,23.0,33.57142857142857,beginner
24.0,12.0,7.0,58.0,18.0,0.0,20.0,19.857142857142858,beginner
20.0,72.0,42.0,54.0,99.0,48.0,45.0,54.285714285714285,intermediate
48.0,13.0,15.0,0.0,30.0,11.0,15.0,18.857142857142858,beginner
59.0,33.0,93.0,26.0,32.0,42.0,34.0,45.57142857142857,intermediate
16.0,0.0,0.0,59.0,0.0,22.0,1.0,14.0,beginner
55.0,91.0,44.0,59.0,43.0,44.0,37.0,53.285714285714285,intermediate
59.0,19.0,4.0,32.0,9.0,31.0,26.0,25.714285714285715,beginner
96.0,84.0,73.0,67.0,96.0,95.0,82.0,84.71428571428571,advanced
68.0,74.0,74.0,82.0,88.0,84.0,67.0,76.71428571428571,advanced
59.0,56.0,58.0,73.0,82.0,39.0,85.0,64.57142857142857,intermediate
23.0,18.0,26.0,22.0,5.0,25.0,58.0,25.285714285714285,beginner
30.0,10.0,69.0,35.0,3.0,10.0,12.0,24.142857142857142,beginner
75.0,75.0,93.0,63.0,92.0,82.0,88.0,81.14285714285714,advanced
28.0,48.0,84.0,61.0,66.0,65.0,56.0,58.285714285714285,intermediate
19.0,7.0,10.0,23.0,19.0,32.0,63.0,24.714285714285715,beginner
27.0,7.0,9.0,68.0,15.0,37.0,25.0,26.857142857142858,beginner
10.0,16.0,34.0,0.0,68.0,28.0,1.0,22.428571428571427,beginner
66.0,41.0,36.0,40.0,27.0,86.0,62.0,51.142857142857146,intermediate
72.0,34.0,69.0,97.0,70.0,46.0,42.0,61.42857142857143,intermediate
65.0,81.0,64.0,85.0,82.0,78.0,74.0,75.57142857142857,advanced
48.0,94.0,41.0,59.0,24.0,57.0,63.0,55.142857142857146,intermediate
91.0,92.0,94.0,88.0,87.0,79.0,78.0,87.0,advanced
59.0,89.0,85.0,83.0,82.0,77.0,86.0,80.14285714285714,advanced
1.0,6.0,34.0,67.0,4.0,17.0,18.0,21.0,beginner
4.0,8.0,30.0,18.0,36.0,37.0,44.0,25.285714285714285,beginner
82.0,93.0,74.0,84.0,92.0,67.0,79.0,81.57142857142857,advanced
38.0,6.0,36.0,45.0,22.0,28.0,9.0,26.285714285714285,beginner
8.0,15.0,2.0,48.0,16.0,16.0,8.0,16.142857142857142,beginner
19.0,65.0,15.0,11.0,47.0,9.0,45.0,30.142857142857142,beginner
91.0,87.0,68.0,65.0,55.0,54.0,73.0,70.42857142857143,intermediate
76.0,93.0,88.0,85.0,93.0,71.0,91.0,85.28571428571429,advanced
48.0,20.0,55.0,36.0,52.0,19.0,23.0,36.142857142857146,beginner
5.0,58.0,24.0,34.0,22.0,16.0,6.0,23.571428571428573,beginner
50.0,49.0,55.0,58.0,82.0,55.0,53.0,57.42857142857143,intermediate
13.0,25.0,47.0,15.0,38.0,28.0,31.0,28.142857142857142,beginner
93.0,54.0,70.0,56.0,61.0,73.0,28.0,62.142857142857146,intermediate
75.0,97.0,41.0,37.0,56.0,51.0,54.0,58.714285714285715,intermediate
63.0,67.0,71.0,61.0,74.0,77.0,80.0,70.42857142857143,advanced
82.0,62.0,60.0,72.0,72.0,83.0,66.0,71.0,advanced
84.0,72.0,79.0,66.0,78.0,76.0,93.0,78.28571428571429,advanced
63.0,67.0,53.0,58.0,67.0,98.0,27.0,61.857142857142854,intermediate
94.0,30.0,43.0,26.0,49.0,34.0,44.0,45.714285714285715,intermediate
44.0,59.0,83.0,30.0,71.0,72.0,55.0,59.142857142857146,intermediate
69.0,92.0,90.0,87.0,50.0,20.0,56.0,66.28571428571429,intermediate
65.0,87.0,39.0,68.0,69.0,69.0,63.0,65.71428571428571,intermediate
71.0,71.0,76.0,20.0,72.0,59.0,86.0,65.0,intermediate
86.0,26.0,91.0,56.0,86.0,83.0,77.0,72.14285714285714,intermediate
4.0,4.0,13.0,27.0,18.0,0.0,40.0,15.142857142857142,beginner
22.0,54.0,33.0,67.0,40.0,49.0,23.0,41.142857142857146,beginner
82.0,53.0,56.0,52.0,60.0,53.0,39.0,56.42857142857143,intermediate
97.0,79.0,47.0,34.0,77.0,58.0,55.0,63.857142857142854,intermediate
89.0,73.0,61.0,78.0,91.0,78.0,93.0,80.42857142857143,advanced
95.0,85.0,78.0,74.0,90.0,92.0,75.0,84.14285714285714,advanced
32.0,98.0,69.0,63.0,36.0,47.0,59.0,57.714285714285715,intermediate
61.0,68.0,28.0,59.0,49.0,81.0,89.0,62.142857142857146,intermediate
64.0,87.0,56.0,47.0,57.0,43.0,56.0,58.57142857142857,intermediate
82.0,75.0,78.0,76.0,77.0,79.0,83.0,78.57142857142857,advanced
76.0,81.0,82.0,79.0,89.0,76.0,92.0,82.14285714285714,advanced
64.0,4.0,26.0,25.0,17.0,0.0,6.0,20.285714285714285,beginner
60.0,90.0,31.0,84.0,72.0,85.0,86.0,72.57142857142857,intermediate
68.0,33.0,84.0,87.0,74.0,76.0,54.0,68.0,intermediate
83.0,64.0,33.0,93.0,80.0,80.0,72.0,72.14285714285714,intermediate
33.0,6.0,17.0,34.0,13.0,51.0,31.0,26.428571428571427,beginner
60.0,28.0,51.0,35.0,55.0,86.0,34.0,49.857142857142854,intermediate
83.0,65.0,69.0,40.0,36.0,65.0,71.0,61.285714285714285,intermediate
0.0,26.0,13.0,25.0,52.0,30.0,16.0,23.142857142857142,beginner
36.0,26.0,43.0,19.0,65.0,14.0,21.0,32.0,beginner
18.0,31.0,30.0,10.0,0.0,41.0,9.0,19.857142857142858,beginner
46.0,48.0,45.0,22.0,70.0,89.0,69.0,55.57142857142857,intermediate
100.0,92.0,88.0,95.0,91.0,96.0,90.0,93.14285714285714,advanced
47.0,70.0,63.0,71.0,95.0,68.0,21.0,62.142857142857146,intermediate
24.0,88.0,49.0,58.0,52.0,36.0,67.0,53.42857142857143,intermediate
38.0,46.0,81.0,35.0,38.0,38.0,21.0,42.42857142857143,intermediate
35.0,38.0,7.0,43.0,61.0,43.0,26.0,36.142857142857146,beginner
55.0,87.0,68.0,67.0,89.0,79.0,85.0,75.71428571428571,advanced
72.0,79.0,73.0,75.0,78.0,93.0,77.0,78.14285714285714,advanced
71.0,75.0,64.0,78.0,85.0,87.0,69.0,75.57142857142857,advanced
89.0,87.0,78.0,89.0,92.0,57.0,79.0,81.57142857142857,advanced
38.0,40.0,26.0,48.0,18.0,33.0,42.0,35.0,beginner
19.0,52.0,48.0,32.0,41.0,52.0,56.0,42.857142857142854,beginner
43.0,20.0,65.0,10.0,28.0,21.0,11.0,28.285714285714285,beginner
92.0,77.0,84.0,82.0,85.0,78.0,93.0,84.42857142857143,advanced
31.0,54.0,88.0,35.0,42.0,39.0,29.0,45.42857142857143,intermediate
86.0,56.0,88.0,88.0,23.0,81.0,75.0,71.0,intermediate
24.0,64.0,24.0,56.0,39.0,37.0,94.0,48.285714285714285,intermediate
7.0,43.0,2.0,20.0,0.0,23.0,0.0,13.571428571428571,beginner
47.0,43.0,51.0,45.0,24.0,18.0,43.0,38.714285714285715,beginner
17.0,18.0,38.0,47.0,25.0,16.0,30.0,27.285714285714285,beginner
22.0,0.0,28.0,0.0,22.0,43.0,29.0,20.571428571428573,beginner
25.0,26.0,39.0,28.0,39.0,37.0,59.0,36.142857142857146,beginner
82.0,87.0,100.0,56.0,92.0,77.0,89.0,83.28571428571429,advanced
58.0,95.0,73.0,41.0,73.0,52.0,30.0,60.285714285714285,intermediate
28.0,10.0,26.0,55.0,21.0,2.0,28.0,24.285714285714285,beginner
46.0,64.0,70.0,62.0,45.0,83.0,24.0,56.285714285714285,intermediate
67.0,39.0,56.0,44.0,85.0,37.0,54.0,54.57142857142857,intermediate
29.0,18.0,31.0,17.0,28.0,52.0,21.0,28.0,beginner
79.0,60.0,49.0,88.0,21.0,53.0,76.0,60.857142857142854,intermediate
70.0,70.0,76.0,64.0,55.0,73.0,82.0,70.0,advanced
35.0,64.0,41.0,83.0,55.0,23.0,39.0,48.57142857142857,intermediate
47.0,31.0,34.0,25.0,92.0,30.0,34.0,41.857142857142854,intermediate
31.0,43.0,22.0,52.0,45.0,18.0,35.0,35.142857142857146,beginner
22.0,36.0,40.0,41.0,22.0,6.0,43.0,30.0,beginner
22.0,20.0,20.0,52.0,20.0,34.0,57.0,32.142857142857146,beginner
68.0,36.0,99.0,33.0,32.0,40.0,46.0,50.57142857142857,intermediate
39.0,8.0,15.0,68.0,3.0,33.0,5.0,24.428571428571427,beginner
40.0,51.0,14.0,45.0,48.0,62.0,36.0,42.285714285714285,beginner
5.0,0.0,9.0,46.0,4.0,0.0,0.0,9.142857142857142,beginner
54.0,76.0,72.0,81.0,28.0,88.0,42.0,63.0,intermediate
0.0,21.0,19.0,16.0,0.0,63.0,29.0,21.142857142857142,beginner
63.0,69.0,80.0,73.0,81.0,62.0,66.0,70.57142857142857,advanced
22.0,32.0,42.0,0.0,10.0,10.0,16.0,18.857142857142858,beginner
5.0,5.0,22.0,42.0,19.0,5.0,55.0,21.857142857142858,beginner
86.0,48.0,58.0,39.0,69.0,59.0,76.0,62.142857142857146,intermediate
20.0,79.0,42.0,83.0,75.0,50.0,81.0,61.42857142857143,intermediate
71.0,72.0,52.0,65.0,72.0,81.0,81.0,70.57142857142857,intermediate
41.0,30.0,43.0,11.0,24.0,32.0,60.0,34.42857142857143,beginner
74.0,23.0,69.0,78.0,87.0,82.0,75.0,69.71428571428571,intermediate
68.0,92.0,55.0,87.0,72.0,79.0,72.0,75.0,advanced
83.0,82.0,88.0,98.0,100.0,79.0,100.0,90.0,advanced
0.0,43.0,29.0,0.0,12.0,34.0,0.0,16.857142857142858,beginner
82.0,57.0,46.0,36.0,58.0,40.0,69.0,55.42857142857143,intermediate
42.0,16.0,33.0,47.0,16.0,30.0,39.0,31.857142857142858,beginner
72.0,59.0,56.0,52.0,51.0,29.0,88.0,58.142857142857146,intermediate
12.0,22.0,44.0,40.0,39.0,49.0,6.0,30.285714285714285,beginner
26.0,10.0,24.0,7.0,52.0,18.0,0.0,19.571428571428573,beginner
55.0,64.0,67.0,64.0,24.0,92.0,44.0,58.57142857142857,intermediate
21.0,44.0,69.0,21.0,18.0,46.0,32.0,35.857142857142854,beginner
7.0,8.0,16.0,37.0,51.0,25.0,14.0,22.571428571428573,beginner
36.0,67.0,5.0,16.0,43.0,30.0,24.0,31.571428571428573,beginner
40.0,70.0,61.0,82.0,80.0,75.0,41.0,64.14285714285714,intermediate
95.0,65.0,80.0,87.0,98.0,98.0,79.0,86.0,advanced
66.0,69.0,56.0,65.0,76.0,74.0,68.0,67.71428571428571,advanced
27.0,33.0,41.0,19.0,20.0,47.0,21.0,29.714285714285715,beginner
36.0,75.0,35.0,46.0,53.0,85.0,59.0,55.57142857142857,intermediate
29.0,65.0,0.0,12.0,6.0,32.0,24.0,24.0,beginner
36.0,5.0,31.0,67.0,37.0,38.0,43.0,36.714285714285715,beginner
45.0,63.0,22.0,42.0,30.0,37.0,53.0,41.714285714285715,beginner
38.0,67.0,12.0,21.0,28.0,35.0,5.0,29.428571428571427,beginner
87.0,74.0,65.0,87.0,70.0,80.0,73.0,76.57142857142857,advanced
41.0,25.0,41.0,36.0,41.0,69.0,27.0,40.0,beginner
30.0,53.0,42.0,27.0,55.0,54.0,23.0,40.57142857142857,beginner
27.0,67.0,90.0,43.0,44.0,64.0,44.0,54.142857142857146,intermediate
0.0,42.0,0.0,0.0,8.0,6.0,8.0,9.142857142857142,beginner
87.0,89.0,76.0,82.0,91.0,94.0,81.0,85.71428571428571,advanced
54.0,40.0,48.0,54.0,68.0,41.0,51.0,50.857142857142854,beginner
56.0,85.0,28.0,69.0,44.0,62.0,20.0,52.0,intermediate
36.0,61.0,39.0,41.0,7.0,3.0,26.0,30.428571428571427,beginner
40.0,31.0,29.0,49.0,25.0,86.0,63.0,46.142857142857146,intermediate
71.0,61.0,69.0,83.0,61.0,83.0,82.0,72.85714285714286,advanced
82.0,93.0,87.0,68.0,95.0,79.0,91.0,85.0,advanced
6.0,41.0,25.0,41.0,23.0,18.0,34.0,26.857142857142858,beginner
29.0,76.0,43.0,39.0,98.0,64.0,49.0,56.857142857142854,intermediate
52.0,9.0,8.0,24.0,34.0,30.0,4.0,23.0,beginner
35.0,33.0,20.0,13.0,13.0,64.0,27.0,29.285714285714285,beginner
18.0,36.0,22.0,24.0,9.0,18.0,57.0,26.285714285714285,beginner
52.0,20.0,12.0,9.0,14.0,35.0,12.0,22.0,beginner
28.0,16.0,40.0,23.0,29.0,16.0,41.0,27.571428571428573,beginner
100.0,85.0,96.0,91.0,80.0,80.0,88.0,88.57142857142857,advanced
35.0,28.0,90.0,65.0,58.0,30.0,56.0,51.714285714285715,intermediate
17.0,52.0,23.0,28.0,33.0,24.0,19.0,28.0,beginner
72.0,86.0,75.0,39.0,54.0,40.0,34.0,57.142857142857146,intermediate
69.0,62.0,71.0,72.0,55.0,69.0,65.0,66.14285714285714,advanced
78.0,80.0,86.0,82.0,89.0,93.0,67.0,82.14285714285714,advanced
87.0,73.0,74.0,68.0,69.0,78.0,73.0,74.57142857142857,advanced
22.0,34.0,27.0,41.0,63.0,85.0,27.0,42.714285714285715,intermediate
62.0,33.0,68.0,96.0,56.0,84.0,71.0,67.14285714285714,intermediate
81.0,65.0,88.0,71.0,71.0,83.0,83.0,77.42857142857143,advanced
34.0,85.0,41.0,55.0,24.0,50.0,56.0,49.285714285714285,intermediate
47.0,15.0,27.0,22.0,37.0,51.0,27.0,32.285714285714285,beginner
63.0,9.0,25.0,6.0,34.0,30.0,29.0,28.0,beginner
34.0,3.0,23.0,22.0,39.0,56.0,23.0,28.571428571428573,beginner
71.0,51.0,83.0,79.0,82.0,68.0,86.0,74.28571428571429,advanced
92.0,75.0,81.0,86.0,93.0,88.0,82.0,85.28571428571429,advanced
85.0,72.0,37.0,49.0,97.0,53.0,60.0,64.71428571428571,intermediate
23.0,45.0,44.0,16.0,30.0,16.0,50.0,32.0,beginner
82.0,23.0,29.0,36.0,42.0,64.0,39.0,45.0,intermediate
42.0,46.0,73.0,64.0,96.0,43.0,50.0,59.142857142857146,intermediate
35.0,67.0,46.0,54.0,50.0,24.0,43.0,45.57142857142857,beginner
54.0,37.0,80.0,53.0,63.0,55.0,57.0,57.0,intermediate
63.0,60.0,39.0,51.0,29.0,91.0,58.0,55.857142857142854,intermediate
81.0,74.0,26.0,43.0,58.0,34.0,46.0,51.714285714285715,intermediate
83.0,88.0,84.0,76.0,75.0,84.0,87.0,82.42857142857143,advanced
75.0,62.0,76.0,76.0,81.0,69.0,85.0,74.85714285714286,advanced
61.0,77.0,47.0,88.0,21.0,46.0,58.0,56.857142857142854,intermediate
40.0,29.0,26.0,26.0,19.0,64.0,34.0,34.0,beginner
64.0,62.0,85.0,67.0,81.0,80.0,84.0,74.71428571428571,advanced
94.0,94.0,92.0,78.0,78.0,91.0,81.0,86.85714285714286,advanced
67.0,72.0,48.0,71.0,52.0,69.0,85.0,66.28571428571429,intermediate
22.0,18.0,37.0,60.0,9.0,22.0,42.0,30.0,beginner
44.0,25.0,10.0,26.0,35.0,31.0,40.0,30.142857142857142,beginner
81.0,85.0,93.0,76.0,89.0,87.0,92.0,86.14285714285714,advanced
78.0,93.0,76.0,56.0,82.0,83.0,98.0,80.85714285714286,advanced
81.0,78.0,89.0,85.0,85.0,74.0,91.0,83.28571428571429,advanced
13.0,24.0,16.0,0.0,13.0,44.0,14.0,17.714285714285715,beginner
73.0,77.0,84.0,88.0,68.0,71.0,77.0,76.85714285714286,advanced
70.0,63.0,63.0,74.0,74.0,83.0,81.0,72.57142857142857,advanced
35.0,29.0,23.0,19.0,53.0,14.0,19.0,27.428571428571427,beginner
42.0,85.0,61.0,57.0,38.0,67.0,59.0,58.42857142857143,intermediate
80.0,66.0,79.0,78.0,66.0,81.0,62.0,73.14285714285714,advanced
24.0,60.0,26.0,55.0,95.0,46.0,48.0,50.57142857142857,intermediate
79.0,98.0,100.0,81.0,79.0,95.0,98.0,90.0,advanced
64.0,48.0,79.0,38.0,56.0,84.0,57.0,60.857142857142854,intermediate
59.0,28.0,8.0,41.0,10.0,21.0,40.0,29.571428571428573,beginner
21.0,49.0,21.0,5.0,33.0,25.0,14.0,24.0,beginner
80.0,80.0,92.0,95.0,82.0,98.0,91.0,88.28571428571429,advanced
21.0,3.0,20.0,20.0,7.0,17.0,50.0,19.714285714285715,beginner
20.0,27.0,23.0,47.0,36.0,17.0,59.0,32.714285714285715,beginner
27.0,28.0,9.0,25.0,33.0,8.0,41.0,24.428571428571427,beginner
14.0,4.0,32.0,0.0,48.0,7.0,13.0,16.857142857142858,beginner
28.0,24.0,28.0,46.0,27.0,63.0,14.0,32.857142857142854,beginner
72.0,79.0,76.0,78.0,69.0,71.0,66.0,73.0,advanced
14.0,34.0,64.0,39.0,25.0,46.0,26.0,35.42857142857143,beginner
61.0,25.0,14.0,9.0,21.0,0.0,0.0,18.571428571428573,beginner
21.0,30.0,5.0,40.0,0.0,30.0,27.0,21.857142857142858,beginner
43.0,59.0,38.0,11.0,17.0,40.0,18.0,32.285714285714285,beginner
71.0,85.0,74.0,78.0,62.0,66.0,85.0,74.42857142857143,advanced
39.0,54.0,54.0,91.0,47.0,31.0,41.0,51.0,intermediate
80.0,67.0,79.0,75.0,56.0,84.0,73.0,73.42857142857143,intermediate
95.0,55.0,49.0,22.0,78.0,41.0,40.0,54.285714285714285,intermediate
48.0,56.0,87.0,60.0,60.0,69.0,56.0,62.285714285714285,intermediate
56.0,56.0,60.0,74.0,39.0,51.0,80.0,59.42857142857143,intermediate
63.0,26.0,36.0,37.0,41.0,44.0,8.0,36.42857142857143,beginner
98.0,89.0,91.0,78.0,90.0,96.0,92.0,90.57142857142856,advanced
48.0,46.0,17.0,16.0,45.0,31.0,50.0,36.142857142857146,beginner
59.0,75.0,88.0,70.0,84.0,87.0,90.0,79.0,advanced
82.0,86.0,85.0,76.0,84.0,73.0,72.0,79.71428571428571,advanced
71.0,72.0,74.0,73.0,70.0,77.0,88.0,75.0,advanced
58.0,12.0,47.0,40.0,17.0,36.0,42.0,36.0,beginner
67.0,84.0,81.0,75.0,70.0,81.0,71.0,75.57142857142857,advanced
27.0,27.0,42.0,10.0,14.0,3.0,0.0,17.571428571428573,beginner
48.0,43.0,42.0,61.0,90.0,24.0,49.0,51.0,intermediate
27.0,19.0,18.0,51.0,53.0,55.0,65.0,41.142857142857146,beginner
81.0,28.0,53.0,51.0,55.0,48.0,94.0,58.57142857142857,intermediate
58.0,61.0,23.0,98.0,49.0,88.0,65.0,63.142857142857146,intermediate
16.0,45.0,43.0,25.0,44.0,32.0,19.0,32.0,beginner
24.0,0.0,1.0,44.0,0.0,6.0,20.0,13.571428571428571,beginner
20.0,15.0,30.0,0.0,60.0,10.0,10.0,20.714285714285715,beginner
63.0,39.0,43.0,66.0,99.0,58.0,59.0,61.0,intermediate
20.0,46.0,52.0,57.0,99.0,80.0,62.0,59.42857142857143,intermediate
70.0,52.0,36.0,63.0,80.0,52.0,70.0,60.42857142857143,intermediate
59.0,66.0,91.0,30.0,38.0,31.0,60.0,53.57142857142857,intermediate
20.0,22.0,9.0,46.0,33.0,31.0,7.0,24.0,beginner
30.0,7.0,36.0,9.0,30.0,15.0,40.0,23.857142857142858,beginner
70.0,77.0,85.0,75.0,24.0,68.0,90.0,69.85714285714286,intermediate
90.0,55.0,34.0,26.0,51.0,40.0,59.0,50.714285714285715,intermediate
73.0,85.0,60.0,58.0,20.0,74.0,41.0,58.714285714285715,intermediate
45.0,41.0,45.0,46.0,26.0,44.0,54.0,43.0,beginner
80.0,74.0,51.0,77.0,39.0,71.0,67.0,65.57142857142857,intermediate
60.0,25.0,6.0,6.0,2.0,22.0,4.0,17.857142857142858,beginner
27.0,65.0,70.0,95.0,54.0,28.0,32.0,53.0,intermediate
83.0,81.0,82.0,88.0,76.0,92.0,69.0,81.57142857142857,advanced
88.0,27.0,45.0,59.0,69.0,48.0,59.0,56.42857142857143,intermediate
34.0,12.0,0.0,34.0,0.0,29.0,44.0,21.857142857142858,beginner
29.0,88.0,61.0,95.0,67.0,82.0,60.0,68.85714285714286,intermediate
59.0,63.0,47.0,98.0,33.0,43.0,49.0,56.0,intermediate
70.0,85.0,79.0,80.0,69.0,80.0,89.0,78.85714285714286,advanced
43.0,69.0,24.0,37.0,33.0,29.0,39.0,39.142857142857146,beginner
54.0,32.0,4.0,11.0,20.0,41.0,24.0,26.571428571428573,beginner
26.0,5.0,64.0,30.0,14.0,24.0,5.0,24.0,beginner
83.0,33.0,59.0,98.0,71.0,70.0,49.0,66.14285714285714,intermediate
67.0,11.0,15.0,7.0,17.0,27.0,25.0,24.142857142857142,beginner
23.0,46.0,34.0,23.0,52.0,40.0,14.0,33.142857142857146,beginner
8.0,62.0,27.0,4.0,25.0,23.0,7.0,22.285714285714285,beginner
40.0,94.0,72.0,37.0,65.0,39.0,49.0,56.57142857142857,intermediate
64.0,17.0,0.0,0.0,12.0,2.0,1.0,13.714285714285714,beginner
30.0,85.0,51.0,52.0,52.0,25.0,29.0,46.285714285714285,intermediate
56.0,29.0,95.0,31.0,39.0,67.0,33.0,50.0,intermediate
31.0,37.0,12.0,48.0,49.0,33.0,59.0,38.42857142857143,beginner
14.0,31.0,21.0,0.0,21.0,42.0,0.0,18.428571428571427,beginner
81.0,79.0,69.0,72.0,65.0,71.0,81.0,74.0,advanced
17.0,42.0,0.0,4.0,24.0,30.0,18.0,19.285714285714285,beginner
47.0,36.0,40.0,59.0,22.0,31.0,25.0,37.142857142857146,beginner
27.0,83.0,39.0,38.0,44.0,57.0,70.0,51.142857142857146,intermediate
89.0,87.0,75.0,90.0,86.0,61.0,85.0,81.85714285714286,advanced
40.0,39.0,14.0,19.0,20.0,63.0,16.0,30.142857142857142,beginner
17.0,14.0,28.0,17.0,8.0,65.0,0.0,21.285714285714285,beginner
62.0,67.0,46.0,82.0,40.0,30.0,70.0,56.714285714285715,intermediate
45.0,50.0,55.0,52.0,25.0,43.0,38.0,44.0,beginner
59.0,60.0,35.0,31.0,44.0,34.0,87.0,50.0,intermediate
22.0,11.0,9.0,67.0,40.0,7.0,28.0,26.285714285714285,beginner
29.0,35.0,49.0,45.0,23.0,59.0,49.0,41.285714285714285,beginner
16.0,16.0,27.0,27.0,21.0,65.0,54.0,32.285714285714285,beginner
91.0,96.0,91.0,77.0,89.0,80.0,80.0,86.28571428571429,advanced
27.0,35.0,35.0,50.0,62.0,80.0,28.0,45.285714285714285,intermediate
50.0,51.0,91.0,36.0,57.0,61.0,27.0,53.285714285714285,intermediate
85.0,97.0,91.0,91.0,50.0,79.0,87.0,82.85714285714286,advanced
39.0,43.0,67.0,78.0,35.0,98.0,75.0,62.142857142857146,intermediate
91.0,67.0,93.0,98.0,97.0,88.0,79.0,87.57142857142857,advanced
98.0,82.0,89.0,79.0,85.0,93.0,66.0,84.57142857142857,advanced
20.0,34.0,52.0,48.0,30.0,17.0,39.0,34.285714285714285,beginner
83.0,81.0,78.0,87.0,76.0,68.0,64.0,76.71428571428571,advanced
29.0,50.0,38.0,40.0,39.0,34.0,25.0,36.42857142857143,beginner
32.0,35.0,22.0,12.0,8.0,62.0,26.0,28.142857142857142,beginner
89.0,85.0,93.0,92.0,98.0,86.0,82.0,89.28571428571429,advanced
94.0,91.0,98.0,89.0,91.0,56.0,79.0,85.42857142857143,advanced
48.0,29.0,40.0,21.0,37.0,37.0,47.0,37.0,beginner
92.0,85.0,89.0,81.0,89.0,85.0,89.0,87.14285714285714,advanced
50.0,87.0,55.0,36.0,84.0,88.0,50.0,64.28571428571429,intermediate
40.0,57.0,60.0,21.0,37.0,83.0,33.0,47.285714285714285,intermediate
99.0,57.0,21.0,32.0,57.0,25.0,44.0,47.857142857142854,intermediate
9.0,0.0,67.0,25.0,9.0,1.0,2.0,16.142857142857142,beginner
32.0,54.0,12.0,16.0,0.0,0.0,20.0,19.142857142857142,beginner
33.0,35.0,40.0,66.0,49.0,34.0,32.0,41.285714285714285,beginner
11.0,0.0,17.0,6.0,19.0,22.0,49.0,17.714285714285715,beginner
6.0,52.0,19.0,30.0,30.0,0.0,5.0,20.285714285714285,beginner
74.0,73.0,74.0,79.0,89.0,90.0,73.0,78.85714285714286,advanced
70.0,74.0,76.0,72.0,78.0,78.0,70.0,74.0,advanced
50.0,65.0,92.0,78.0,78.0,71.0,37.0,67.28571428571429,intermediate
87.0,27.0,60.0,86.0,73.0,93.0,92.0,74.0,intermediate
21.0,35.0,17.0,15.0,44.0,15.0,48.0,27.857142857142858,beginner
36.0,37.0,58.0,71.0,26.0,63.0,82.0,53.285714285714285,intermediate
82.0,97.0,53.0,84.0,58.0,23.0,83.0,68.57142857142857,intermediate
100.0,92.0,81.0,87.0,89.0,84.0,56.0,84.14285714285714,advanced
45.0,14.0,18.0,64.0,22.0,36.0,46.0,35.0,beginner
20.0,3.0,33.0,22.0,33.0,3.0,64.0,25.428571428571427,beginner
13.0,43.0,34.0,14.0,34.0,9.0,48.0,27.857142857142858,beginner
30.0,34.0,28.0,34.0,53.0,48.0,46.0,39.0,beginner
12.0,53.0,29.0,6.0,33.0,34.0,9.0,25.142857142857142,beginner
79.0,63.0,98.0,88.0,79.0,83.0,96.0,83.71428571428571,advanced
0.0,14.0,19.0,0.0,22.0,23.0,55.0,19.0,beginner
90.0,76.0,76.0,86.0,71.0,78.0,75.0,78.85714285714286,advanced
79.0,94.0,100.0,81.0,77.0,77.0,96.0,86.28571428571429,advanced
22.0,34.0,65.0,15.0,27.0,35.0,18.0,30.857142857142858,beginner
97.0,81.0,96.0,96.0,85.0,84.0,91.0,90.0,advanced
92.0,25.0,33.0,31.0,31.0,25.0,62.0,42.714285714285715,intermediate
93.0,37.0,27.0,58.0,23.0,29.0,61.0,46.857142857142854,intermediate
92.0,94.0,75.0,69.0,77.0,82.0,73.0,80.28571428571429,advanced
69.0,71.0,91.0,73.0,59.0,90.0,92.0,77.85714285714286,advanced
0.0,5.0,63.0,21.0,18.0,5.0,0.0,16.0,beginner
44.0,22.0,74.0,49.0,97.0,53.0,68.0,58.142857142857146,intermediate
50.0,29.0,32.0,43.0,26.0,81.0,39.0,42.857142857142854,intermediate
46.0,37.0,48.0,39.0,37.0,20.0,33.0,37.142857142857146,beginner
65.0,67.0,68.0,75.0,77.0,71.0,72.0,70.71428571428571,advanced
93.0,59.0,93.0,75.0,79.0,83.0,79.0,80.14285714285714,advanced
61.0,58.0,29.0,25.0,93.0,35.0,28.0,47.0,intermediate
39.0,48.0,36.0,73.0,52.0,97.0,51.0,56.57142857142857,intermediate
36.0,45.0,16.0,38.0,17.0,58.0,36.0,35.142857142857146,beginner
20.0,100.0,100.0,100.0,100.0,0.0,100.0,74.28571428571429,intermediate
40.0,100.0,20.0,100.0,100.0,100.0,100.0,80.0,advanced
100.0,100.0,100.0,20.0,40.0,100.0,100.0,80.0,advanced
20.0,100.0,100.0,100.0,100.0,100.0,100.0,88.57142857142857,advanced
100.0,20.0,100.0,100.0,100.0,100.0,100.0,88.57142857142857,advanced
100.0,20.0,80.0,100.0,100.0,100.0,100.0,85.71428571428571,advanced
100.0,100.0,20.0,40.0,100.0,100.0,100.0,80.0,advanced
40.0,80.0,100.0,100.0,100.0,100.0,100.0,88.57142857142857,advanced
20.0,100.0,100.0,100.0,100.0,100.0,100.0,88.57142857142857,advanced
40.0,100.0,100.0,100.0,100.0,100.0,100.0,91.42857142857144,advanced
100.0,100.0,100.0,20.0,20.0,100.0,100.0,77.14285714285714,advanced
20.0,100.0,100.0,40.0,100.0,60.0,100.0,74.28571428571429,intermediate
20.0,100.0,40.0,100.0,100.0,80.0,100.0,77.14285714285714,advanced
40.0,100.0,100.0,20.0,80.0,100.0,100.0,77.14285714285714,advanced
